vtitle,address,telephone,description,hour,hotel,beauty,supply,homepage
청담우리동물병원,서울특별시 강남구 삼성로 614,02-541-7515,"슬개골 탈구 수술, 심장초음파, 중성화수술, 응급실운영",TRUE,FALSE,FALSE,FALSE,http://www.chungdamah.co.kr/
24시 우리들동물병원,서울특별시 양천구 목동로 161,02-2642-7588,,FALSE,FALSE,FALSE,FALSE,http://www.wooridleclinic.kr/main/
혜인종합동물병원,서울특별시 양천구 등촌로 218,02-2645-1475,,FALSE,FALSE,FALSE,FALSE,http://blog.naver.com/dvmmoon
VIP동물의료센터,서울특별시 성북구 동소문로 73,02-953-0075,,FALSE,FALSE,FALSE,FALSE,http://www.vipah.co.kr/
스마트 동물병원,서울특별시 강남구 선릉로 418,02-554-7582,,TRUE,FALSE,FALSE,FALSE,http://blog.naver.com/smart7582/
예은동물병원,서울특별시 강남구 도곡로 189,02-529-5575,,FALSE,FALSE,FALSE,FALSE,http://www.yeah4u.co.kr/
나래동물병원,서울특별시 광진구 능동로 283,02-463-3216,"애견미용실 및 호텔 운영, 용품 판매",FALSE,TRUE,TRUE,TRUE,
스마트 동물병원 신사본원,서울특별시 강남구 도산대로 213,02-549-0275,"애견 진료, 호텔, 미용, 용품, 정형외과, 슬개골탈구 수술",FALSE,TRUE,TRUE,TRUE,http://blog.naver.com/smart7582
24시 스마트 동물메디컬센터,서울특별시 은평구 은평로 93,02-387-7582,"노령견 전문, 고양이 전문, 수술 전문, 응급진료",TRUE,FALSE,FALSE,FALSE,http://blog.naver.com/eosksh
드림 동물병원,서울특별시 강남구 역삼로 234,02-508-7583,,FALSE,FALSE,FALSE,FALSE,http://blog.naver.com/dreamamc
지구촌동물메디컬센터,서울특별시 구로구 구로중앙로32길 14,02-869-7582,"응급진료, 외과수술, 피부과, 안과 전문",FALSE,FALSE,FALSE,FALSE,http://blog.naver.com/dr_jiguchon
라온펫동물의료센터,서울특별시 강남구 남부순환로 2912,02-555-2272,,FALSE,FALSE,FALSE,FALSE,http://blog.naver.com/raonpet
내방동물병원,서울특별시 서초구 서초대로 108,02-3473-8275,"애견용품, 애견미용, 예방접종",TRUE,FALSE,TRUE,TRUE,http://nbanimal.com/
고양이병원 백산동물병원,서울특별시 강남구 논현로86길 22,1644-5653,"고양이전문, 건강검진, 진료, 수술전문, 중성화, 미용",TRUE,FALSE,TRUE,FALSE,http://thecatclinic.co.kr/
이든동물의료센터,서울특별시 영등포구 양평로 5,02-2635-2475,,FALSE,FALSE,FALSE,FALSE,http://blog.naver.com/edenamc2
더샵동물병원,서울특별시 송파구 오금로 45,02-416-7512,"강아지, 중성화, 슬개골 탈구, 자궁축농증 수술, 암, 종양 등",FALSE,FALSE,FALSE,FALSE,http://blog.naver.com/thesharpah
VIP동물의료센터 장안점,서울특별시 동대문구 답십리로 298,02-2215-7522,"고양이, 외과, 슬개골, 골절, 치과",TRUE,FALSE,FALSE,FALSE,http://www.vipah.co.kr/
내품에동물병원,서울특별시 강동구 천호대로 1120,02-477-1775,"반려동물, 강아지, 고양이 전문",FALSE,FALSE,FALSE,FALSE,http://blog.naver.com/mylovehug
교대동물병원,서울특별시 서초구 서초대로 325,02-596-1175,"애완동물 중성화, 치과",FALSE,FALSE,FALSE,FALSE,http://blog.naver.com/kyodaeah
강서YD동물의료센터,서울특별시 강서구 화곡로 371,02-518-7500,"진료, 용품, 미용, 분양, 호텔 등",FALSE,TRUE,TRUE,TRUE,http://blog.naver.com/ydamc
이리온,서울특별시 강남구 도산대로 445,02-1577-6125,,FALSE,FALSE,FALSE,FALSE,http://www.irion.co.kr/
강북24시N동물의료센터,서울특별시 성북구 삼양로4길 3,02-984-0075,,FALSE,FALSE,FALSE,FALSE,http://www.namc.co.kr/
이룸 동물병원,서울특별시 송파구 삼학사로 44,02-419-7580,"강아지, 호텔, 미용, 놀이방, 응급진료, 야간진료, 무마취 미용, 대형견 미용",TRUE,TRUE,TRUE,FALSE,http://blog.naver.com/erumah
하니동물의료센터,서울특별시 양천구 등촌로 58,02-2647-1772,"고양이, 개불임 및 중성화 수술, 혈액검사, 호흡마취 등 진료 전문",FALSE,FALSE,FALSE,FALSE,http://www.dogdr.co.kr/
24시잠실on동물병원,서울특별시 송파구 올림픽로 76,02-418-0724,,TRUE,FALSE,FALSE,FALSE,
24시 북악동물병원,서울특별시 성북구 정릉로 272-9,02-941-7900,"슬개골 탈구, 정형외과 수술 전문병원, 노령견 수술 전문, 심장 클리닉, 신부전 센터, 고양이 전문",TRUE,FALSE,FALSE,FALSE,http://blog.naver.com/documania
24시OK동물병원,서울특별시 강남구 선릉로 338,02-569-7582,"박사출신 외과전문, 분야별 진료, 난치, 노령질환전문, 고양이전문, 고급호텔",TRUE,TRUE,FALSE,FALSE,http://www.okamc.co.kr/
가재울두리틀동물병원,서울특별시 서대문구 응암로 66,02-302-3275,"강아지, 고양이 진료, 노령견전문, 심장병, 유선종양, 수술 전문",FALSE,FALSE,FALSE,FALSE,http://blog.naver.com/drdolittle
닥터멍동물병원,서울특별시 강남구 논현로 515,02-554-7505,"응급진료, 애견 호텔 및 놀이터, 야외 테라스, 애완동물 복합문화공간 진료센터",FALSE,TRUE,FALSE,FALSE,http://blog.naver.com/dm5547505
압구정웰동물병원,서울특별시 강남구 압구정로 108,02-3443-0275,,FALSE,FALSE,FALSE,FALSE,http://blog.naver.com/atylnb
왕십리조은동물병원,서울특별시 성동구 왕십리로 347,02-2297-0075,,FALSE,FALSE,FALSE,FALSE,http://blog.naver.com/joeunhoyoung
아이윌24시동물병원,서울특별시 강남구 학동로 437,02-6925-7021,,TRUE,FALSE,FALSE,FALSE,http://iwill24.co.kr/
치료멍멍 동물의료센터,서울특별시 서초구 사평대로 68,,,FALSE,FALSE,FALSE,FALSE,http://blog.naver.com/vet1120
봄동물병원,서울특별시 강남구 도곡로 115,1644-9416,,FALSE,FALSE,FALSE,FALSE,http://blog.naver.com/bomah0508
산들산들 동물병원,서울특별시 마포구 마포대로16길 7,02-393-3588,,FALSE,FALSE,FALSE,FALSE,http://24sdsdah.modoo.at/
에코동물병원,서울특별시 송파구 동남로 161,02-443-2222,"특수동물, 기니피그, 토끼, 고슴도치, 햄스터 등 전문진료 및 수술, 강아지, 고양이 수술 및 진료.",FALSE,FALSE,FALSE,FALSE,http://www.ecoanimal.co.kr/
한빛종합동물병원,서울특별시 노원구 동일로 1370,02-951-7582,"피부병, 무릎수술, 슬개골 탈구, 고양이, 노령견 클리닉 등 진료안내",FALSE,FALSE,FALSE,FALSE,http://hanvitah.co.kr/
안박동물병원,서울특별시 강서구 양천로 510,02-3664-7511,"반려동물 진료, 백신접종, 야간응급진료, 미용, 호텔, 용품, 사료, 동물등록제 안내",FALSE,TRUE,TRUE,TRUE,
충현동물종합병원,서울특별시 강남구 논현로 621,02-549-7582,"애견 건강관리, 치아 보철술, 피부과, 수의내과, 산과 진료 및 애견호텔 운영",FALSE,TRUE,FALSE,FALSE,http://www.pet7582.co.kr/
한양동물메디컬센터,서울특별시 성동구 왕십리로 282,02-2281-5200,"수술 및 진료, 미용, 분양, 교배 등 안내",FALSE,FALSE,TRUE,FALSE,http://blog.naver.com/hyamc
세계로동물병원,서울특별시 관악구 남부순환로 1497,02-868-3931,"1층 동물종합메디컬센터 2층고양이전문센터, 외과수술전문, 20년전통, 최신검사장비 및 시설",FALSE,FALSE,FALSE,FALSE,http://blog.naver.com/claire005
한성동물병원,서울특별시 관악구 신림로 265,02-872-7609,"토끼, 햄스터, 거북, 페럿, 프레리독, 기니피그, 뱀, 조류, 새, 개, 고양이, 고슴도치, 특수동물진료, 애견, 반려견 진료",FALSE,FALSE,FALSE,FALSE,http://www.vetopia.co.kr/
늘푸른동물병원,서울특별시 은평구 은평로 29,02-388-3008,"고양이, 강아지 진료 및 수술 전문",FALSE,FALSE,FALSE,FALSE,
24시SKY동물의료센터,서울특별시 강동구 천호대로 1122,02-472-7579,,TRUE,FALSE,FALSE,FALSE,http://blog.naver.com/gdskyamc1
그레이스동물병원,서울특별시 강남구 학동로6길 18,02-3442-5554,"건강검진센터, 24시야간진료, 슬개골 탈구수술, 난치성노령견질환, 반려동물내시경, 호르몬내과, 심장초음파",TRUE,FALSE,FALSE,FALSE,http://www.the-grace.net/
키다리 동물병원,서울특별시 송파구 새말로 62,,,FALSE,FALSE,FALSE,FALSE,http://blog.naver.com/scarface928
24시 수 동물병원,서울특별시 영등포구 영등포로 85-1,02-2676-7582,,TRUE,FALSE,FALSE,FALSE,http://blog.naver.com/sooamc
구로종합동물병원,서울특별시 구로구 경인로 638,02-2631-0085,"난치성 내외과질환, 개, 고양이 진료 등 안내",FALSE,FALSE,FALSE,FALSE,http://www.guroah.com/
이태원동물병원,서울특별시 용산구 녹사평대로 210,02-797-6677,"애견상식, 애견사진 등 제공",FALSE,FALSE,FALSE,FALSE,http://www.vetmedic.co.kr/
래이동물의료센터,서울특별시 강남구 남부순환로 2911-1,02-556-7588,"서울대학교 동물병원 출신 의료진, 야간응급, 석,박사 의료진",FALSE,FALSE,FALSE,FALSE,http://www.rayvmc.co.kr/
24시 명 동물메디컬센터,서울특별시 구로구 남부순환로 775,02-2619-5102,"야간응급, 개, 고양이 수술전문, 개 예방접종, 종합검진 안내, 애완동물 상식 제공",TRUE,FALSE,FALSE,FALSE,http://blog.naver.com/petsong1472
서진동물병원,서울특별시 관악구 봉천로 236,02-887-2165,,FALSE,FALSE,FALSE,FALSE,
힐링24시동물병원,서울특별시 마포구 백범로 205,02-713-8275,,TRUE,FALSE,FALSE,FALSE,http://healingpet.wme.kr/main
아프리카동물메디컬센터,서울특별시 강서구 공항대로 335,02-3663-7975,"노령견 및 소형견 수술 전문, 내과, CT촬영 등 안내",FALSE,FALSE,FALSE,FALSE,http://www.aamc.co.kr/
오렌지동물병원,서울특별시 성동구 행당로8길 41-2,02-2297-7582,"강아지, 고양이 진료 및 수술, 애견 미용, 호텔 운영",FALSE,TRUE,TRUE,FALSE,
로얄동물메디컬센터,서울특별시 중랑구 망우로 247,02-494-7582,,FALSE,FALSE,FALSE,FALSE,http://royalamc.com/
월드펫동물종합병원,서울특별시 마포구 신촌로 248,02-364-3517,,FALSE,FALSE,FALSE,FALSE,http://worldpet-amc.co.kr/
메인동물메디컬센터,서울특별시 노원구 동일로 1025-1,02-979-8575,,FALSE,FALSE,FALSE,FALSE,http://mainamc.com/
24시애니동물병원,서울특별시 성북구 보문로 99,02-926-8275,,TRUE,FALSE,FALSE,FALSE,
아띠동물병원,서울특별시 동대문구 사가정로 51,02-6242-8275,"노령견, 치과, 중성화, 스케일링, 건강검진 등 안내",FALSE,FALSE,FALSE,FALSE,http://attiah.modoo.at/
오래오래동물병원,서울특별시 강남구 도곡로37길 20,02-568-2090,,FALSE,FALSE,FALSE,FALSE,http://www.oraepet.co.kr/
동물메디컬센터W,서울특별시 마포구 월드컵로 46,02-323-8275,"종합동물병원, 2차 진료",TRUE,FALSE,FALSE,FALSE,http://www.animalw.co.kr/
헬릭스동물메디컬센터,서울특별시 서초구 신반포로 162,02-2135-9119,,FALSE,FALSE,FALSE,FALSE,
우리아이 동물병원,서울특별시 동작구 상도로 262,02-823-7500,"강아지, 고양이 진료, 미용, 호텔 등 서비스 안내",FALSE,TRUE,TRUE,FALSE,http://www.uriai.co.kr/
보노보노 동물병원,서울특별시 강북구 덕릉로 39,02-903-5525,"어린강아지, 노령견 관리, 정기검진, 내과, 외과, 피부염 진료 전문",FALSE,FALSE,FALSE,FALSE,
24시 베스트 동물 메디컬센터,서울특별시 송파구 삼학사로 88,02-2203-7975,,TRUE,FALSE,FALSE,FALSE,http://jsbestamc.allthemedi.com/
365동물병원,서울특별시 도봉구 방학로 54,02-6402-0365,"진료, 용품, 미용, 호텔, 분양 등",FALSE,TRUE,TRUE,TRUE,http://blog.naver.com/365ah
페츠비 동물의료센터,서울특별시 강남구 도산대로 155,02-546-2475,,FALSE,FALSE,FALSE,FALSE,http://blog.naver.com/petsbe24ah
동물을사랑하는사람들,서울특별시 강북구 도봉로98길 56,,"진료, 미용, 애견호텔 운영",FALSE,TRUE,TRUE,FALSE,
리베동물메디컬센터,서울특별시 양천구 오목로 280,02-2604-0156,,FALSE,FALSE,FALSE,FALSE,http://liebeamc.com/
봄봄동물병원,서울특별시 동대문구 회기로18길 46,02-969-7579,"고양이, 노령견 진료, 중성화수술, 예방접종, 미용, 용품",FALSE,FALSE,TRUE,TRUE,http://blog.naver.com/bombomah
경인동물의료센터,서울특별시 영등포구 경인로 832,02-571-8275,,FALSE,FALSE,FALSE,FALSE,http://giamc.com/
라라동물의료원,서울특별시 구로구 도림로 72,02-839-7585,"소화기, 순환기, 피부, 정형외과 등 진료 안내",FALSE,FALSE,FALSE,FALSE,http://www.lalapet.co.kr/
N동물의료센터 노원점,서울특별시 노원구 노원로 456,02-919-0075,,FALSE,FALSE,FALSE,FALSE,http://www.namc.co.kr/
좋아서하는동물병원,서울특별시 용산구 백범로 341,02-703-0075,"내과 전공 원장, 심장/피부 등 내과 심화 진료",FALSE,FALSE,FALSE,FALSE,http://www.joapethospital.com/
아크리스동물의료센터,서울특별시 강남구 학동로 138,02-583-7582,"전자내시경, 해외출국 동물검역, 복합문화공간, 특수동물, 오존, 레이저수술, 음압 등 반려동물 전문 진료",FALSE,FALSE,FALSE,FALSE,http://www.acris-ah.co.kr/
별난동물병원,서울특별시 도봉구 도봉로 603,02-905-9119,"내외과 진료, 노령견 관리, 피부, 안과 각종 다발성 질병 및 수술, 분양 상담, 미용, 애완동물 용품.",FALSE,FALSE,TRUE,TRUE,http://blog.naver.com/jinsan1
진서동물병원,서울특별시 중랑구 신내로10길 7,02-432-7530,,FALSE,FALSE,FALSE,FALSE,
보라매 웰 종합 동물병원,서울특별시 동작구 상도로 16,,,FALSE,FALSE,FALSE,FALSE,http://blog.naver.com/wellvc
닥터아이펫 동물병원,서울특별시 중랑구 망우로 353,02-2208-0329,"예방접종, 심장사상충, 예약진료, 수술, 중성화, 분양, 애견, 고양이 미용, 호텔 안내.",FALSE,TRUE,TRUE,FALSE,http://dripet.modoo.at/
서울동물메디컬센터,서울특별시 강동구 양재대로 1410,02-457-0075,,FALSE,FALSE,FALSE,FALSE,http://www.seoul75.com/
나눔동물병원,서울특별시 관악구 남부순환로 1964,02-888-0976,,FALSE,FALSE,FALSE,FALSE,http://doctor_nanum.blog.me/50176074302
논현동물병원,서울특별시 강남구 강남대로118길 47,02-3442-3785,,FALSE,FALSE,FALSE,FALSE,http://www.nhamc.co.kr/
올리브동물병원,서울특별시 종로구 자하문로 305,02-391-7502,,FALSE,FALSE,FALSE,FALSE,http://olivehospital.modoo.at/
하비동물병원,서울특별시 도봉구 노해로65길 14,02-2038-9980,"수술, 건강검진, 예방접종, 미용, 분양, 애완용품, 강아지분양, 중성화수술, 고양이진료, 강아지진료",FALSE,FALSE,TRUE,TRUE,http://blog.naver.com/habianimal
시온동물병원,서울특별시 강동구 천호대로 1057,02-476-8275,,FALSE,FALSE,FALSE,FALSE,http://blog.naver.com/zion_ah
미소동물의료센터,서울특별시 강서구 강서로 215,02-2603-0075,,FALSE,FALSE,FALSE,FALSE,http://blog.naver.com/misoanimal
젠틀리동물병원,서울특별시 강서구 마곡중앙5로 81,02-2662-8111,,FALSE,FALSE,FALSE,FALSE,http://blog.naver.com/gentleleeah
청화동물병원 &amp; KAT,서울특별시 용산구 보광로 90,02-792-7602,동물 해외 출입국 검역 및 항공운송,FALSE,FALSE,FALSE,FALSE,http://www.cwhospital.co.kr/
넬동물병원,서울특별시 성북구 오패산로 75-1,02-6925-4347,,FALSE,FALSE,FALSE,FALSE,http://blog.naver.com/dvmwang
고덕24시동물병원,서울특별시 강동구 동남로 877,02-6227-8275,,TRUE,FALSE,FALSE,FALSE,http://koduk24.blog.me/
준동물병원,서울특별시 광진구 뚝섬로 541,02-457-2220,"진료, 미용, 호텔, 분양 등 고양이 병원",FALSE,TRUE,TRUE,FALSE,http://blog.naver.com/wwqwe12
24시페토피아동물병원,서울특별시 송파구 오금로 203,02-414-0075,,TRUE,FALSE,FALSE,FALSE,http://peto.pe.kr/
다나동물병원,서울특별시 동작구 동작대로 47,02-3471-0375,,FALSE,FALSE,FALSE,FALSE,http://www.danahospital.co.kr/
금란종합동물병원,서울특별시 중랑구 용마산로 532,02-492-7582,,FALSE,FALSE,FALSE,FALSE,http://healthydog.co.kr/
개포별빛동물병원,서울특별시 강남구 논현로 70,02-573-7582,"외과, 내과, 안과 등 진료",FALSE,FALSE,FALSE,FALSE,http://starlightah.blog.me/
스마트동물병원,서울특별시 강동구 고덕로 110,02-442-8875,,FALSE,FALSE,FALSE,FALSE,http://blog.naver.com/smart7582
어울림동물병원,서울특별시 서대문구 가재울미래로 2,02-305-4242,,FALSE,FALSE,FALSE,FALSE,http://blog.naver.com/eoullimah
셀레네동물병원,서울특별시 마포구 독막로 85,02-335-5232,"예방접종, 사료, 간식 등 판매",FALSE,FALSE,FALSE,FALSE,
라파엘동물병,서울특별시 서초구 강남대로 525-3,02-3444-7507,"호텔, 까페 운영, 애견용품 판매.",TRUE,TRUE,FALSE,TRUE,
스머프동물병원,서울특별시 은평구 백련산로 145,02-969-7582,"수술, 미용, 응급진료, 애견용품, 액세서리, 건강사료 판매",FALSE,FALSE,TRUE,TRUE,
아프지말게동물병원,서울특별시 마포구 월드컵북로 381,02-307-3355,,FALSE,FALSE,FALSE,FALSE,http://blog.naver.com/a_mal
화랑동물병원,서울특별시 노원구 화랑로 473,02-979-7411,"내외과 진료, 예방접종, 미용, 분양, 사료 및 용품판매",FALSE,FALSE,TRUE,TRUE,
유케어동물병원,서울특별시 동작구 상도로 214,,"개, 고양이 전문 진료, 수중 런닝머신, 디지털 진료 시스템, 외과수술전문",FALSE,FALSE,FALSE,FALSE,http://24ucare.com/
파랑새동물병원,서울특별시 금천구 시흥대로 276,02-805-2825,"개 고양이 중성화 치석제거 및 예방접종 구충 및 애견 미용, 피부병 귓병 안과질환 소화기질환 비뇨기질환 전문",FALSE,FALSE,TRUE,FALSE,http://blog.naver.com/dvmksy
미소로동물병원,서울특별시 영등포구 영신로 238,02-2679-9997,"서울특별시 영등포구 영등포동 위치. 동물병원, 고양이, 외과, 슬개골, 골절, 치과 등 진료 안내.",FALSE,FALSE,FALSE,FALSE,http://blog.naver.com/misoroanimal
25시동물의료센터,서울특별시 송파구 삼전로 80,02-419-1351,,TRUE,FALSE,FALSE,FALSE,http://blog.naver.com/jamsil25h
위즈펫동물병원 롯데마트서울역점,서울특별시 중구 한강대로 405,02-393-7588,"진료, 미용, 애견분양, 호텔, 중성화수술 등",FALSE,TRUE,TRUE,FALSE,http://www.ssah.co.kr/
우리동물병원,서울특별시 광진구 뚝섬로 636,02-457-0231,,FALSE,FALSE,FALSE,FALSE,http://blog.naver.com/wooryah
로얄동물병원,서울특별시 은평구 연서로 137,02-354-0975,"야간응급실 운영, 개, 고양이 호텔 및 미용실 운영, 용품 판매",FALSE,TRUE,TRUE,TRUE,http://blog.naver.com/royalpet1004
우리아이동물메디컬센터,서울특별시 강서구 공항대로 284,02-3664-0075,,FALSE,FALSE,FALSE,FALSE,http://blog.naver.com/woori-iamc
워너비동물병원,서울특별시 마포구 동교로 193,02-322-1275,"외과수술, 건강검진센터, 고양이진료, 심장초음파, 중성화 전문",FALSE,FALSE,FALSE,FALSE,http://blog.naver.com/wannabeah
늘푸른동물병원,서울특별시 관악구 난곡로 227,02-857-7572,,FALSE,FALSE,FALSE,FALSE,
중앙동물병원,서울특별시 강북구 도봉로 88,02-982-8698,"반려동물 진료, 애견미용, 용품 판매 전문.",FALSE,FALSE,TRUE,TRUE,
위드동물병원,서울특별시 도봉구 도봉로 568,02-907-1175,,FALSE,FALSE,FALSE,FALSE,
유석동물병원,서울특별시 영등포구 여의대방로 11,02-833-7554,강아지 및 고양이 진료,FALSE,FALSE,FALSE,FALSE,http://blog.naver.com/vetdrwoo/
도담도담동물병원,서울특별시 성북구 화랑로 76,02-943-7582,"애견미용, 호텔, 초음파, 중성화, 스케일링, 피부, 설사, 파보, 홍역, 구토, 고양이, 예방접종.",FALSE,TRUE,TRUE,FALSE,
송정동물메디컬센터,서울특별시 강서구 공항대로 39,02-2661-0530,,FALSE,FALSE,FALSE,FALSE,http://blog.naver.com/petlove0530
파스텔동물병원,서울특별시 강서구 화곡로 112,02-2693-0075,,FALSE,FALSE,FALSE,FALSE,http://blog.naver.com/pastelclinic/
웰케어동물병원,서울특별시 마포구 월드컵북로 27,02-337-7575,"애견미용, 푸들비숑가위컷전문, 긍정강화진료, 반려견문제상담, 중성화센터, 노령견전문병원",FALSE,FALSE,TRUE,FALSE,http://blog.naver.com/well_care/
관악동물종합병원,서울특별시 관악구 남부순환로 1859,02-883-2733,,FALSE,FALSE,FALSE,FALSE,
마리동물병원,서울특별시 마포구 신촌로 16,02-323-7582,"고양이 병원, 치과, 안과, 한방, 침치료, 심장 진료 등",FALSE,FALSE,FALSE,FALSE,http://blog.naver.com/jongilori
하이디 동물병원,서울특별시 마포구 독막로 38,02-338-0275,"고양이, 강아지",FALSE,FALSE,FALSE,FALSE,http://blog.naver.com/highdah
이윤세동물병원,서울특별시 성동구 행당로 76,02-2282-7503,,FALSE,FALSE,FALSE,FALSE,http://nentnc.blog.me/
와우종합동물병원,서울특별시 관악구 난곡로 247,02-866-0880,,FALSE,FALSE,FALSE,FALSE,
러브펫동물병원,서울특별시 관악구 남부순환로 1451,02-837-8875,"정형외과, 신경외과, 내과 등 진료",FALSE,FALSE,FALSE,FALSE,http://www.lovepet24.com/
민트동물병원,서울특별시 용산구 원효로 51,02-707-2235,"해외 운송 동물 검역 강아지, 고양이 전문 (미국 싱가폴 인도 일본 뉴질랜드 호주 필리핀 태국)",FALSE,FALSE,FALSE,FALSE,http://www.mintpet.co.kr/
페트로동물의료원,서울특별시 동대문구 장한로 77,02-2249-0075,"반려동물 진료, 호텔, 토탈케어 서비스 제공",FALSE,TRUE,FALSE,FALSE,http://blog.naver.com/petropolis
퓨리나 동물병원,서울특별시 도봉구 도봉로 469,,,FALSE,FALSE,FALSE,FALSE,http://blog.naver.com/purinaclinic/
우리동물메디컬센터,서울특별시 금천구 남부순환로 1386,02-853-7582,,FALSE,FALSE,FALSE,FALSE,
지엔동물병원,서울특별시 동작구 상도로 195,02-812-8275,"강아지, 고양이 진료 및 미용",FALSE,FALSE,TRUE,FALSE,http://www.gn-ah.co.kr/
하나동물병원,서울특별시 동대문구 망우로 66,02-6242-7500,"노령견 클리닉, 고양이, 고슴도치, 햄스터, 토끼, 기니피그 진료",FALSE,FALSE,FALSE,FALSE,
파리스동물병원,서울특별시 양천구 목동서로 100,02-2644-8878,,FALSE,FALSE,FALSE,FALSE,http://blog.naver.com/animalhospital
금천 24시 K동물의료센터,서울특별시 금천구 시흥대로 251,02-808-2475,,TRUE,FALSE,FALSE,FALSE,
굿파파 24시 반려동물건강검진센터,서울특별시 동작구 사당로 289,02-593-8275,,TRUE,FALSE,FALSE,FALSE,http://blog.naver.com/shysky3620
24시 글로리 동물병원,서울특별시 금천구 시흥대로 483,02-855-8575,,TRUE,FALSE,FALSE,FALSE,https://www.instagram.com/glory.vet
라임동물병원,서울특별시 성동구 무학로 16,02-2281-8122,,FALSE,FALSE,FALSE,FALSE,http://blog.naver.com/limeamc
24시센트럴동물메디컬센터,서울특별시 성동구 고산자로 207,02-3395-7975,"응급진료, 2차진료, 수술전문, 슬개골탈구, 중성화수술, 고양이, 토끼, 고슴도치, 노령동물 진료, 호텔, 미용",TRUE,TRUE,TRUE,FALSE,http://www.24시동물병원.com
유앤동물의료원,서울특별시 송파구 양재대로 1148,02-2043-7582,,FALSE,FALSE,FALSE,FALSE,
서울동물병원,서울특별시 광진구 천호대로 623-1,02-2038-8253,,FALSE,FALSE,FALSE,FALSE,
대한동물병원,서울특별시 강서구 화곡로 205,02-2694-4821,"예방접종, 강아지중성화수술, 고양이미용, 고양이중성화수술, 강아지예방접종, 애견분양",FALSE,FALSE,TRUE,FALSE,http://comfortdh.modoo.at/
스마일플러스동물병원,서울특별시 노원구 동일로 1051,02-976-7582,,FALSE,FALSE,FALSE,FALSE,
형제동물병원,서울특별시 관악구 남부순환로 1747,02-889-0575,"강아지분양, 종견교배, 애견미용, 진료",FALSE,FALSE,TRUE,FALSE,
바른펫 동물의료센터,서울특별시 강북구 노해로 65,02-903-7582,,FALSE,FALSE,FALSE,FALSE,
홍익동물병원,서울특별시 마포구 독막로 45,02-325-2026,,FALSE,FALSE,FALSE,FALSE,http://blog.naver.com/hongik-blog
라온동물병원,서울특별시 용산구 회나무로13길 6,02-792-7585,"애견 미용, 호텔",FALSE,TRUE,TRUE,FALSE,http://blog.naver.com/raonah
개와냥이동물병원,서울특별시 은평구 통일로 727-5,02-352-7275,"강아지/고양이 분양, 애견용품할인, 분양시 예방접종할인, 동물판매업허가업체",FALSE,FALSE,FALSE,TRUE,http://blog.naver.com/kwangnyeon99
VIP동물의료센터 서초동작점,서울특별시 서초구 동작대로 36,02-525-3102,,FALSE,FALSE,FALSE,FALSE,http://www.vipah.co.kr/
동물병원메이,서울특별시 용산구 대사관로 41,02-797-4408,,FALSE,FALSE,FALSE,FALSE,http://www.mayah.co.kr/
우리동물병원생명사회적협동조합,서울특별시 마포구 월드컵북로12길 22,02-335-3333,,FALSE,FALSE,FALSE,FALSE,http://mapowithpet.com/
도그원 동물의료센터,서울특별시 은평구 연서로29길 24,02-358-1591,,FALSE,FALSE,FALSE,FALSE,http://blog.naver.com/cafedog1/
스마트동물병원,서울특별시 강북구 솔샘로 203-2,02-987-7588,,FALSE,FALSE,FALSE,FALSE,
러브펫동물병원 노원중계점,서울특별시 노원구 동일로204가길 12,02-972-6543,"강아지 분양, 고양이 미용, 용품 판매 등",FALSE,FALSE,TRUE,TRUE,
서울대학교 수의과대학 동물병원,서울특별시 관악구 관악로 1,,"외과, 내과, 영상의학, 임상병리, 피부, 마취과, 산과, MRI, CT, 항암치료, 동물검역 안내",FALSE,FALSE,FALSE,FALSE,http://vmth.snu.ac.kr/
홍제동물병원,서울특별시 서대문구 통일로 463,02-396-5525,,FALSE,FALSE,FALSE,FALSE,
신사24시동물병원,서울특별시 강남구 도산대로 138,02-549-4506,"강아지, 고양이 및 전염병 치료 전문",TRUE,FALSE,FALSE,FALSE,
오석헌동물병원,서울특별시 성동구 독서당로 223,02-6402-0301,,FALSE,FALSE,FALSE,FALSE,http://blog.naver.com/oshvet
한솔동물병원,서울특별시 서대문구 통일로 392,02-737-8375,,FALSE,FALSE,FALSE,FALSE,http://petopia.co.kr/
혜민동물병원,서울특별시 광진구 자양로15길 48,02-454-8275,"만성질환 치료, 애견용품 판매, 매용, 분양 등 전문",FALSE,FALSE,FALSE,TRUE,http://hyeminpet.blog.me/
아인스동물병원,서울특별시 동대문구 장한로 44,02-2213-0075,"암, 신장, 심장 등 관리 안내",FALSE,FALSE,FALSE,FALSE,http://blog.naver.com/primitian22
치료멍멍동물병원 신사본원,서울특별시 강남구 도산대로 309,02-545-0075,"강아지 슬개골탈구 전문, 초음파, X-ray 보유",FALSE,FALSE,FALSE,FALSE,http://blog.7500clinic.com/
애플동물병원,서울특별시 광진구 천호대로 644,02-455-0077,"내과, 산과, 피부과, 외과, 중성화수술 등",FALSE,FALSE,FALSE,FALSE,
서울종합동물병원,서울특별시 성북구 보문로 146,02-928-5599,"동물치료, 애완 용품 판매 전문",FALSE,FALSE,FALSE,TRUE,
Pet365 동물병원,서울특별시 성동구 독서당로 328,02-2282-3653,"예방접종, 피부병, 아토피 미용 등 각종 진료",FALSE,FALSE,TRUE,FALSE,http://blog.naver.com/pet365ah
송파 스마일동물병원,서울특별시 송파구 새말로5길 17,02-448-7588,,FALSE,FALSE,FALSE,FALSE,http://blog.naver.com/drdnc
츄츄동물병원,서울특별시 강남구 논현로67길 56,02-512-0075,,FALSE,FALSE,FALSE,FALSE,http://blog.naver.com/vetlucy
독립문동물병원,서울특별시 서대문구 통일로 171-1,02-733-5060,"개, 고양이, 토끼, 햄스터, 고슴도치, 기니피그, 특수 동물 진료 / 애견미용",FALSE,FALSE,TRUE,FALSE,http://www.animalhospital.co.kr/
리센츠스타동물병원,서울특별시 송파구 올림픽로 145,02-419-1010,"동물 진료, 분양, 미용 등",FALSE,FALSE,TRUE,FALSE,http://blog.naver.com/ricenzstar
시유동물메디컬센터,서울특별시 용산구 이촌로64길 24,02-793-0075,,FALSE,FALSE,FALSE,FALSE,http://blog.naver.com/seeu_amc
우신종합동물병원,서울특별시 영등포구 신길로 168,02-836-6509,"365일 연중무휴, 야간진료, 최신 의료장비,수술전문병원",TRUE,FALSE,FALSE,FALSE,http://blog.naver.com/wsah96/
선릉동물병원,서울특별시 강남구 선릉로 528,02-557-1555,"각종 수술, 진료, 용품, 미용, 분양, 호텔",FALSE,TRUE,TRUE,TRUE,http://blog.naver.com/slah1555
남산동물병원,서울특별시 용산구 후암로 51,02-778-7582,"사이버 상담, 포토 갤러리, 강아지 고양이 및 특수동물 클리닉 운영",FALSE,FALSE,FALSE,FALSE,http://www.namsan7582.com/
흑석동물병원,서울특별시 동작구 현충로 92,02-822-0275,,FALSE,FALSE,FALSE,FALSE,http://blog.naver.com/heuksuk24ah
야옹동물병원,서울특별시 은평구 응암로 286,02-354-0087,,FALSE,FALSE,FALSE,FALSE,
둘레길동물병원,서울특별시 은평구 연서로 317,02-354-7544,,FALSE,FALSE,FALSE,FALSE,http://blog.naver.com/norpia
서서울동물병원,서울특별시 강서구 양천로 667,02-3662-8661,,FALSE,FALSE,FALSE,FALSE,
힐스타동물병원,서울특별시 강남구 자곡로 202,02-445-5022,"고양이, 특수동물 등 미용, 호텔, 용품, 진료",FALSE,TRUE,TRUE,TRUE,http://blog.naver.com/hillstar22
고려종합동물병원,서울특별시 강남구 선릉로 225,02-575-7999,"앵무새, 닭, 오리, 꿩, 메추리, 조류, 고슴도치, 설치류, 이구아나, 거북이, 파충류 등 진료 및 수술",FALSE,FALSE,FALSE,FALSE,
태능동물병원,서울특별시 중랑구 동일로 920,02-973-1953,,FALSE,FALSE,FALSE,FALSE,
노룬산동물병원,서울특별시 광진구 뚝섬로 462,02-464-2748,,FALSE,FALSE,FALSE,FALSE,
디오빌동물병원,서울특별시 영등포구 당산로 222,02-2671-0026,"노령견, 고양이 진료, 난치성 피부병 및 귀 클리닉, 슬개골 탈구, 골절 수술 전문",FALSE,FALSE,FALSE,FALSE,http://www.drdio.co.kr/
청담눈초롱안과동물병원,서울특별시 강남구 도산대로 539,02-512-7566,,FALSE,FALSE,FALSE,FALSE,http://www.animaleyes.co.kr/
미래동물병원,서울특별시 은평구 서오릉로 192,02-386-6092,,FALSE,FALSE,FALSE,FALSE,http://www.미래동물병원.com/
주주동물병원,서울특별시 동대문구 사가정로 121,02-2244-1081,"외과, 치과, 중성화 수술, 슬개골 탈구수술, 고양이 진료, 심장초음파",FALSE,FALSE,FALSE,FALSE,http://www.jujuah.co.kr/
닥터호오 동물병원,서울특별시 마포구 대흥로 24,02-715-0075,,FALSE,FALSE,FALSE,FALSE,http://blog.naver.com/dr-hooh
피카소동물병원,서울특별시 광진구 광나루로 392-1,02-467-3673,,FALSE,FALSE,FALSE,FALSE,http://blog.naver.com/picaso467
허브동물병원,서울특별시 구로구 구일로10길 27,02-6734-7500,,FALSE,FALSE,FALSE,FALSE,
두리동물병원,서울특별시 송파구 성내천로 229,02-449-8575,,FALSE,FALSE,FALSE,FALSE,
고려동물병원,서울특별시 노원구 덕릉로 738,02-3391-0075,,FALSE,FALSE,FALSE,FALSE,
러브펫동물병원,서울특별시 용산구 한강대로23길 55,02-2012-3875,,FALSE,FALSE,FALSE,FALSE,http://blog.naver.com/luvpet3875
아이러브펫동물병원 신도림점,서울특별시 구로구 경인로 661,02-3439-7533,"애견 진료, 수술, 미용, 분양",FALSE,FALSE,TRUE,FALSE,
스마트동물병원 성북길음점,서울특별시 성북구 길음로13길 22,02-941-5575,,FALSE,FALSE,FALSE,FALSE,http://blog.naver.com/smart5575
에이플러스동물병원,서울특별시 서대문구 연희로 114,02-3144-7582,,FALSE,FALSE,FALSE,FALSE,http://blog.naver.com/aplusah7582
한가람 동물의료센터,서울특별시 영등포구 영등포로 387,02-844-7775,"응급진료, 야간응급, 2차 전문진료",TRUE,FALSE,FALSE,FALSE,http://www.hangaramanimal.com/
방학동물병원,서울특별시 도봉구 도봉로 727,02-3494-0075,,FALSE,FALSE,FALSE,FALSE,
엉클장동물병원,서울특별시 용산구 백범로 341,02-713-0053,,FALSE,FALSE,FALSE,FALSE,http://blog.naver.com/unclejangvet
아델동물병원,서울특별시 서초구 반포대로 45,02-522-0222,,FALSE,FALSE,FALSE,FALSE,http://blog.naver.com/adel0222
엘동물병원,서울특별시 동대문구 고산자로 391,02-3295-3927,"강아지, 고양이 진료 및 분양, 용품, 호텔, 미용 정보 제공",FALSE,TRUE,TRUE,TRUE,http://blog.naver.com/haego99
아프리카동물병,서울특별시 용산구 후암로 32,02-773-1119,"개, 고양이, 토끼, 햄스터, 고슴도치 진료, 호텔, 미용, 용품, 대형견 미용, 목욕",FALSE,TRUE,TRUE,TRUE,
행복한동물병원,서울특별시 관악구 은천로 121,02-887-7179,애견의 질병 치료와 질병 예방,FALSE,FALSE,FALSE,FALSE,
신당햇살동물병원,서울특별시 성동구 행당로1길 23,02-2299-4696,,FALSE,FALSE,FALSE,FALSE,http://blog.naver.com/poohimne
이황동물병원,서울특별시 마포구 월드컵로 147,02-336-0073,"애완동물 진료, 미용 전문",FALSE,FALSE,TRUE,FALSE,
동물병원 베를린,서울특별시 관악구 남부순환로 1531,,,FALSE,FALSE,FALSE,FALSE,http://blog.naver.com/berlinvet
엔젤동물병원,서울특별시 중랑구 겸재로 187,02-435-0166,"예방접종, 건강관리 등 애완동물 진료 전문, 내과진료, 수술, 입원, 미용 상담",FALSE,FALSE,TRUE,FALSE,
우신동물병원,서울특별시 양천구 중앙로 295,02-2693-8883,"동물 진료 및 미용제품 판매 전문, 야간 응급진료",FALSE,FALSE,TRUE,TRUE,http://www.pethospital.kr/
불광동물병원,서울특별시 은평구 불광로 37,02-356-1656,"노령견진료, 수술전문",FALSE,FALSE,FALSE,FALSE,
나래동물병원,서울특별시 성북구 동소문로 66,02-929-5496,,FALSE,FALSE,FALSE,FALSE,
이리온 송파점,서울특별시 송파구 오금로 182,02-425-6125,,FALSE,FALSE,FALSE,FALSE,
양천종합동물병원,서울특별시 양천구 오목로 45,02-2694-2242,"예방접종, 외과수술, 내과, 안과, 치과, 심장병, 혈액, 영상진단 검사, 애견 미용, 분양, 호텔 안내",FALSE,TRUE,TRUE,FALSE,http://blog.naver.com/kbjvet/
헬로우동물병원,서울특별시 서대문구 연희로 178,02-333-7750,,FALSE,FALSE,FALSE,FALSE,
호담동물병원,서울특별시 성북구 동소문로 302,02-915-5301,,FALSE,FALSE,FALSE,FALSE,
숲속동물병원,서울특별시 중랑구 겸재로 214,02-492-9303,"강아지분양, 고양이분양, 애견분양, 강아지 고양이 고슴도치 햄스터 동물 진료",FALSE,FALSE,FALSE,FALSE,
제인동물병원,서울특별시 성동구 뚝섬로 395,02-468-7582,,FALSE,FALSE,FALSE,FALSE,http://www.janepet.com/
위드펫 종합동물병원,서울특별시 송파구 백제고분로 161,02-2202-0075,"예절교육, 강좌",FALSE,FALSE,FALSE,FALSE,http://cafe.daum.net/edu-pet/
드림펫동물병원,서울특별시 광진구 능동로 379,02-464-7588,"애견진료 및 분양, 교배, 미용, 용품 등 판매",FALSE,FALSE,TRUE,TRUE,http://www.doggynkitty.co.kr/
석촌동물병원,서울특별시 송파구 송파대로 441,02-414-7975,"애견미용, 분양, 호텔 및 애견용품 취급",FALSE,TRUE,TRUE,TRUE,http://blog.naver.com/kmhcvt
면목동물병원,서울특별시 중랑구 사가정로 373,02-437-7579,,FALSE,FALSE,FALSE,FALSE,http://blog.naver.com/mush96
세인트동물병원,서울특별시 강서구 강서로 36,02-2695-0072,,FALSE,FALSE,FALSE,FALSE,http://www.drsaint.co.kr/
닥터킴동물병원,서울특별시 관악구 은천로 97,02-877-5546,,FALSE,FALSE,FALSE,FALSE,http://drkimah.co.kr
동물사랑동물병원,서울특별시 마포구 월드컵로 64,02-3142-0008,,FALSE,FALSE,FALSE,FALSE,
대학로동물병원,서울특별시 종로구 창경궁로 261,02-3672-8440,,FALSE,FALSE,FALSE,FALSE,
대형동물병원,서울특별시 강북구 삼양로 504,02-998-1785,"개, 고양이, 토끼 진료 및 중성화, 일반외과 수술",FALSE,FALSE,FALSE,FALSE,http://pet007.hihome.com/
서울햇빛동물병원,서울특별시 은평구 진관2로 67,02-387-8275,,FALSE,FALSE,FALSE,FALSE,http://blog.naver.com/hvanimal
오라고동물병원,서울특별시 양천구 공항대로 552,02-2643-7579,,FALSE,FALSE,FALSE,FALSE,http://blog.naver.com/aurakoah
이비치동물치과병원,서울특별시 강남구 선릉로 756,02-511-2842,동물전문 치과병원,FALSE,FALSE,FALSE,FALSE,http://www.evichi.co.kr/
헤이븐동물병원,서울특별시 서초구 동작대로 166,02-532-5119,,FALSE,FALSE,FALSE,FALSE,http://blog.naver.com/havenah
가로수동물병원,서울특별시 강남구 압구정로 134,02-549-7579,,FALSE,FALSE,FALSE,FALSE,http://blog.naver.com/garosuah
바른동물병원,서울특별시 중구 퇴계로 447,02-2232-7975,,FALSE,FALSE,FALSE,FALSE,http://www.barunah.co.kr/
펫 동물병원,서울특별시 용산구 백범로 285,02-3275-0079,"한방 디스크 치료 및 건강검진, 고양이 수술, 분양 병원",FALSE,FALSE,FALSE,FALSE,http://blog.daum.net/pet-clinic/
옥수수동물병원,서울특별시 성동구 독서당로40길 39,02-2291-7582,,FALSE,FALSE,FALSE,FALSE,
쥬라기동물병원,서울특별시 중랑구 신내로 211,02-3421-7588,"반려동물 내과, 외과, 피부클리닉 및 건강검진",FALSE,FALSE,FALSE,FALSE,
제연동물병원,서울특별시 동대문구 답십리로 77,02-2242-7975,"사료, 미용, 피부병, 감기 등 진료",FALSE,FALSE,TRUE,FALSE,http://jeyeonah.blog.me/
주주동물종합병원,서울특별시 강남구 선릉로 412,02-556-0975,"애견미용, 애견용품, 고양이, 진료, 미용",FALSE,FALSE,TRUE,TRUE,http://blog.smartmyshop.com/주주동물종합병원
오즈동물병원,서울특별시 서대문구 가재울미래로 2,02-305-5975,,FALSE,FALSE,FALSE,FALSE,http://www.ohsvet.com/
한사랑동물병원,서울특별시 성북구 성북로 27,02-743-7582,"개, 고양이 등 예방접종, 각종 검사, 행동습관질환, 내과, 외과 상담 및 치료",FALSE,FALSE,FALSE,FALSE,
아프리카동물병원,서울특별시 영등포구 시흥대로 647,02-833-8275,"애견미용, 애견용품 판매, 호텔",FALSE,TRUE,TRUE,TRUE,
미래지동물의료센터,서울특별시 중구 다산로 107,02-2233-7574,,FALSE,FALSE,FALSE,FALSE,http://miraeji_amc.blog.me/
푸른종합동물병원,서울특별시 동대문구 홍릉로 35,02-962-3344,,FALSE,FALSE,FALSE,FALSE,
금호동물병원,서울특별시 성동구 금호로 105,02-2281-0049,,FALSE,FALSE,FALSE,FALSE,http://blog.naver.com/hellawai
광진동물의료센터,서울특별시 광진구 광나루로 507,02-457-4545,"365일 연중무휴, 야간응급, 노령 질환, 고양이 질환, 유기동물 전문",TRUE,FALSE,FALSE,FALSE,http://kjamc.com/
마음을나누는동물병원,서울특별시 서대문구 북아현로 8-2,02-365-7582,"고양이 진료, 한방진료",FALSE,FALSE,FALSE,FALSE,http://www.manadong.com/
홍대 아이엠 중성화진료수술센터,서울특별시 마포구 양화로 122,02-338-2475,,FALSE,FALSE,FALSE,FALSE,http://www.impet.co.kr/
은마로동물병원,서울특별시 노원구 덕릉로 665-1,02-931-1575,미용 제공,FALSE,FALSE,TRUE,FALSE,
건강한동물병원,서울특별시 마포구 만리재로 15,,,FALSE,FALSE,FALSE,FALSE,http://kkhah.modoo.at/
피닉스 동물병원,서울특별시 동작구 상도로 43,02-813-7579,"수술, 애견 상담 및 예방 접종",FALSE,FALSE,FALSE,FALSE,http://cafe.daum.net/phoenixah
몰리스펫샵 이마트청계천점,서울특별시 중구 청계천로 400,02-2104-5020,,FALSE,FALSE,FALSE,FALSE,
씨에이치동물병원,서울특별시 강동구 구천면로 322,02-488-7510,"고양이, 강아지 진료, 미용",FALSE,FALSE,TRUE,FALSE,
오주동물병원,서울특별시 송파구 마천로 264,02-443-8083,애완용품 판매 및 동물 치료 전문,FALSE,FALSE,FALSE,TRUE,
웰펫동물병원,서울특별시 중구 동호로 178,02-2256-7582,"강아지, 고양이 진료 전문",FALSE,FALSE,FALSE,FALSE,
석동물병원,서울특별시 강동구 성안로 10,02-475-7501,"피부과, 안과, 내과, 외과, 귓병, 노령견 진단 및 치료",FALSE,FALSE,FALSE,FALSE,http://blog.naver.com/dvmseok
행복한우리아이동물병원,서울특별시 송파구 석촌호수로 146,02-424-7552,,FALSE,FALSE,FALSE,FALSE,http://blog.naver.com/dnfldkdlah
올바른동물병원,서울특별시 강동구 올림픽로 787,02-428-1661,,FALSE,FALSE,FALSE,FALSE,
오금동물병원,서울특별시 송파구 오금로 306,02-443-7533,"수술, 진료, 예방접종, 심장사상충예방 등 상담, 애견미용, 사료, 간식 판매",FALSE,FALSE,TRUE,FALSE,http://blog.naver.com/mhyoo0423
원동물병원,서울특별시 강남구 역삼로 409,02-555-6835,,FALSE,FALSE,FALSE,FALSE,
다나동물병원,서울특별시 강서구 강서로 254,,,FALSE,FALSE,FALSE,FALSE,http://blog.naver.com/dana2008/
바우미우동물병원,서울특별시 중구 다산로 175,02-2237-3366,,FALSE,FALSE,FALSE,FALSE,http://blog.naver.com/bowmeowah
아프리카동물병원,서울특별시 강동구 아리수로 421,02-426-7722,"수술, 외과, 노령견 전문, 분양, 애견 미용, 토끼 및 특수동물진료, 종합동물병원",FALSE,FALSE,TRUE,FALSE,http://blog.naver.com/africa_ah
이앤박동물병원,서울특별시 노원구 한글비석로52길 18,02-939-6898,"슬개골 탈구 교정술, 피부 클리닉",FALSE,FALSE,FALSE,FALSE,
에이블동물병원,서울특별시 서초구 바우뫼로 211,02-2058-1882,"노령견 전문, 내과/외과 진료, 수술전문, 응급진료",FALSE,FALSE,FALSE,FALSE,http://www.ableah.com/
쥬라기동물병원,서울특별시 광진구 광나루로 601,02-455-7570,,FALSE,FALSE,FALSE,FALSE,
정겨운동물병원,서울특별시 동작구 상도로 315,02-817-8172,"중성화수술, 슬개골 탈구, 건강검진, 용품, 호텔, 미용, 분양 등 제공",FALSE,TRUE,TRUE,TRUE,http://blog.naver.com/friendlyac
한아름동물병원,서울특별시 마포구 독막로 153,02-332-7582,,FALSE,FALSE,FALSE,FALSE,
태양종합동물병원,서울특별시 성북구 돌곶이로 31,02-969-0075,"애완동물 진료, 애견 미용, 애완 용품 취급 전문",FALSE,FALSE,TRUE,TRUE,
나무동물병원,서울특별시 동작구 흑석한강로 2,02-813-4567,"동물 진료, 중성화, 슬개골 탈구 수술, 아토피, 치아 관리",FALSE,FALSE,FALSE,FALSE,
꿈이크는동물병원,서울특별시 송파구 백제고분로 115,,,FALSE,FALSE,FALSE,FALSE,http://blog.naver.com/rokvet
수동물병원,서울특별시 광진구 광나루로 341,02-3409-4640,"수의사 일기, 동물 이야기",FALSE,FALSE,FALSE,FALSE,
와이즈24시동물병원,서울특별시 강남구 학동로6길 7,02-3446-8253,,TRUE,FALSE,FALSE,FALSE,http://blog.naver.com/wise24ah
나루동물병원,서울특별시 광진구 아차산로 537-17,02-457-7582,"개, 고양이 전문 진료, 수술, 미용, 호텔 등",FALSE,TRUE,TRUE,FALSE,
다온동물병원,서울특별시 광진구 면목로 142,02-499-7582,"외과, 내과, 방사선, 노령견, 고양이 진료",FALSE,FALSE,FALSE,FALSE,
키다리동물병원,서울특별시 마포구 월드컵북로 262,02-376-7675,,FALSE,FALSE,FALSE,FALSE,http://blog.naver.com/keydaddy
21세기동물병원,서울특별시 용산구 보광로 46,02-749-6750,,FALSE,FALSE,FALSE,FALSE,http://blog.naver.com/vetsj21
세명동물병원,서울특별시 강서구 강서로17길 52,02-2604-3584,"개, 고양이, 고슴도치, 햄스터 등 반려동물 및 특수동물 진료 전문",FALSE,FALSE,FALSE,FALSE,
보다듬 동물병원,서울특별시 강서구 수명로 82,02-2666-2611,,FALSE,FALSE,FALSE,FALSE,http://blog.naver.com/bodadeum
리즈동물병원,서울특별시 서초구 잠원로 221,02-535-7579,,FALSE,FALSE,FALSE,FALSE,
필동물종합병원,서울특별시 양천구 등촌로 16,02-2649-0774,"개, 고양이 질병 전문 진료, 노령견 진료, 슬개골 탈구, 교정, 불임 등 수술",FALSE,FALSE,FALSE,FALSE,
독산 온 동물병원,서울특별시 금천구 독산로 225,02-868-8275,,FALSE,FALSE,FALSE,FALSE,
이안동물의학센터,서울특별시 강남구 선릉로 806,02-574-7533,최다 동물 MRI 및 CT 검사,FALSE,FALSE,FALSE,FALSE,http://www.ian.kr/
동물병원소풍,서울특별시 성동구 금호로 173,02-2237-1975,,FALSE,FALSE,FALSE,FALSE,
킴리동물병원,서울특별시 송파구 올림픽로33길 16,02-6925-5475,"동물 진료, 미용, 호텔, 용품 전문",FALSE,TRUE,TRUE,TRUE,
푸른들동물의료원,서울특별시 양천구 신정로 312,02-2699-1222,,FALSE,FALSE,FALSE,FALSE,http://blog.naver.com/prndle
위드,서울특별시 강북구 덕릉로 79,02-904-0075,,FALSE,FALSE,FALSE,FALSE,
차오름동물병원,서울특별시 용산구 효창원로 14,02-706-7975,"애완동물 진료, 치료 및 애견 미용용품 판매, 호텔 운영",FALSE,TRUE,TRUE,TRUE,
그녀의 동물병원,서울특별시 중구 다산로 32,02-2237-7582,,FALSE,FALSE,FALSE,FALSE,
용강동물병원,서울특별시 마포구 대흥로 48,02-707-2340,,FALSE,FALSE,FALSE,FALSE,http://blog.naver.com/yonggangah
호수동물병원,서울특별시 송파구 오금로 126,02-413-7514,,FALSE,FALSE,FALSE,FALSE,
공원옆동물병원,서울특별시 양천구 목동서로 349,,,FALSE,FALSE,FALSE,FALSE,http://blog.naver.com/ilovepet7533
아이펫동물병원,서울특별시 영등포구 여의동로3길 10,02-786-7582,,FALSE,FALSE,FALSE,FALSE,
로얄도그앤캣메디컬센터,서울특별시 광진구 능동로 49,02-468-6612,,FALSE,FALSE,FALSE,FALSE,http://staramc.com/
달래동물병원,서울특별시 용산구 한남대로20길 7,02-794-1255,"호텔, 용품, 미용, 수술",FALSE,TRUE,TRUE,TRUE,
루이스동물병원,서울특별시 강남구 테헤란로64길 13,02-558-7975,,FALSE,FALSE,FALSE,FALSE,http://louispuppy.com/
좋아요동물병원,서울특별시 중구 다산로36길 83,02-2233-6675,"노령동물, 영상진단, 정형외과 진료",FALSE,FALSE,FALSE,FALSE,
금강종합동물병원,서울특별시 구로구 경인로 196,02-2686-8008,,FALSE,FALSE,FALSE,FALSE,
대치성심동물병원,서울특별시 강남구 남부순환로 2921,,,FALSE,FALSE,FALSE,FALSE,http://blog.naver.com/seongsim7582
신영동물병원,서울특별시 서대문구 통일로 489,02-3217-1081,,FALSE,FALSE,FALSE,FALSE,
좋은동물병원,서울특별시 광진구 자양로 246,02-452-1119,,FALSE,FALSE,FALSE,FALSE,http://blog.naver.com/gah24
역삼동물병원,서울특별시 강남구 언주로 527,02-556-5252,,FALSE,FALSE,FALSE,FALSE,http://blog.naver.com/yeok_sam
월드펫동물병원,서울특별시 종로구 진흥로 475,02-379-7575,,FALSE,FALSE,FALSE,FALSE,http://blog.naver.com/vetline
현대종합동물병원,서울특별시 동대문구 답십리로 293,02-2212-7596,애완동물 위탁 관리 및 미용 등,FALSE,FALSE,TRUE,FALSE,http://www.whopet.com/
중앙동물메디컬센터,서울특별시 강남구 봉은사로 315,02-512-3070,,FALSE,FALSE,FALSE,FALSE,
강앤정동물병원,서울특별시 서대문구 가재울미래로 2,02-305-7505,,FALSE,FALSE,FALSE,FALSE,http://blog.naver.com/knjamc
일마레동물메디컬센터,서울특별시 강남구 도산대로 514,02-3445-7275,"고양이, 강아지, 피부병, 심장질환, 탈골, 외과수술, 중성화수술 등 진료 안내",FALSE,FALSE,FALSE,FALSE,
웨스턴 동물의료센터,서울특별시 마포구 신촌로 114,,,FALSE,FALSE,FALSE,FALSE,http://www.westernamc.com/
그랜드동물병원,서울특별시 동대문구 전농로 86-1,02-2214-6129,"강아지, 고양이 및 햄스터, 토끼 등의 진료 전문",FALSE,FALSE,FALSE,FALSE,
닥터윤24시 동물병원,서울특별시 은평구 통일로 817,02-359-2020,"연중무휴, 내과, 안과, 피부질병, 내시경 등 진료",TRUE,FALSE,FALSE,FALSE,http://blog.naver.com/rhgidtkdwn
여의도동물병원 은하점,서울특별시 영등포구 국제금융로 108,02-783-7580,"진료, 애견호텔, 놀이방, 애견미용, 용품 제공",FALSE,TRUE,TRUE,TRUE,http://www.yeouidoah.com/
펫토이동물병원,서울특별시 용산구 대사관로 32,02-795-2184,,FALSE,FALSE,FALSE,FALSE,
빛가온동물병원,서울특별시 서대문구 통일로 375,02-736-5834,,FALSE,FALSE,FALSE,FALSE,
노아동물병원,서울특별시 송파구 오금로 498,,"애견미용, 애견용품 판매 및 동물 치료 전문",FALSE,FALSE,TRUE,TRUE,
정동물병원,서울특별시 강동구 상암로 64,02-474-7588,"진료 및 수술, 애견미용, 애견용품, 호텔 등 안내",FALSE,TRUE,TRUE,TRUE,
보담동물병원,서울특별시 중랑구 용마산로 434,02-494-7775,,FALSE,FALSE,FALSE,FALSE,http://blog.naver.com/vet10018
쓰담쓰담동물병원,서울특별시 성북구 종암로 113,02-927-7585,,FALSE,FALSE,FALSE,FALSE,http://dog119.wdw.kr/
도담동물병원,서울특별시 은평구 역말로 7,02-388-0275,,FALSE,FALSE,FALSE,FALSE,http://blog.naver.com/dodampet
큐동물병원,서울특별시 성북구 장위로 81,02-913-8275,,FALSE,FALSE,FALSE,FALSE,
라임동물병원,서울특별시 송파구 가락로 258,02-6227-7582,,FALSE,FALSE,FALSE,FALSE,http://blog.naver.com/mino0917
호서동물의료센터,서울특별시 강서구 강서로62길 10,02-3662-1870,,FALSE,FALSE,FALSE,FALSE,http://blog.naver.com/hoseoah
사랑의동물병원,서울특별시 강북구 솔샘로 174,02-983-8575,,FALSE,FALSE,FALSE,FALSE,http://blog.naver.com/lovelyamc
캥거루동물병원,서울특별시 구로구 오류로 55,02-2066-2579,,FALSE,FALSE,FALSE,FALSE,http://blog.naver.com/lider21
신풍동물병원,서울특별시 영등포구 신길로 70,02-835-7572,"예방접종, 진료 및 애견 호텔",FALSE,TRUE,FALSE,FALSE,
혜원동물병원,서울특별시 중랑구 면목로 341,02-439-8300,,FALSE,FALSE,FALSE,FALSE,
도화동물병원,서울특별시 마포구 삼개로 28,02-712-8875,,FALSE,FALSE,FALSE,FALSE,
Dr.수 동물병원,서울특별시 영등포구 국제금융로 79,02-785-7582,"반려동물 진료, 미용, 용품 판매",FALSE,FALSE,TRUE,TRUE,http://blog.naver.com/drsooamc
마이펫동물의료센타,서울특별시 강남구 삼성로 573,02-512-2575,"정형신경외과 , 난치성 피부질환 및 심장내과, 줄기세포치료, 호텔, 미용",FALSE,TRUE,TRUE,FALSE,http://cafe.naver.com/mypetamc
신도림동물병원,,02-3439-7992,피부 소화기 치과 전문,FALSE,FALSE,FALSE,FALSE,
리오동물병원,서울특별시 송파구 올림픽로 435,02-415-7579,,FALSE,FALSE,FALSE,FALSE,
강북동물병원,서울특별시 강북구 오현로 194,02-985-7525,,FALSE,FALSE,FALSE,FALSE,
왈츠샵동물병원,서울특별시 영등포구 가마산로 324,02-834-7582,,FALSE,FALSE,FALSE,FALSE,http://waltzpet.com/
한스동물병원,서울특별시 서대문구 증가로 111,02-303-1114,,FALSE,FALSE,FALSE,FALSE,
마더스동물병원,서울특별시 강남구 헌릉로 569,02-445-7579,,FALSE,FALSE,FALSE,FALSE,
피카소동물병원,서울특별시 강동구 구천면로 431,02-3427-6419,"치과, 피부과, 눈물 클리닉 등 진료, 애견, 고양이 건강상식 제공",FALSE,FALSE,FALSE,FALSE,
LC동물메디컬센터,서울특별시 성동구 천호대로 288,02-3394-7530,,FALSE,FALSE,FALSE,FALSE,http://blog.naver.com/lovingcare75
푸른숲동물병원,서울특별시 마포구 월드컵로 98,02-335-7577,,FALSE,FALSE,FALSE,FALSE,http://blog.naver.com/pureunsoopah
H동물병원,서울특별시 강북구 삼양로27길 43,02-984-7588,,FALSE,FALSE,FALSE,FALSE,http://blog.naver.com/hpetdoc
위너스동물병원,서울특별시 강남구 역삼로 235,02-568-7975,"건강검진, 외과수술전문",FALSE,FALSE,FALSE,FALSE,http://winnersamc.modoo.at/
미드미동물의료센터,서울특별시 강동구 양재대로 1588,02-6497-7582,,FALSE,FALSE,FALSE,FALSE,http://blog.naver.com/midmiamc
라온동물병원,서울특별시 마포구 월드컵북로 151,02-375-7575,,FALSE,FALSE,FALSE,FALSE,http://blog.naver.com/laonah
애니케어동물병원,서울특별시 동대문구 이문로 80,02-967-0877,,FALSE,FALSE,FALSE,FALSE,http://blog.naver.com/anycareah
공덕종합동물병원,서울특별시 마포구 백범로 130,02-717-3333,,FALSE,FALSE,FALSE,FALSE,http://blog.naver.com/nausika8
영등포동물병원,서울특별시 영등포구 영등포로 131-2,02-2633-9991,,FALSE,FALSE,FALSE,FALSE,
아차산동물병원,서울특별시 광진구 천호대로 663,02-452-7580,"애견 치료, 미용 전문업체",FALSE,FALSE,TRUE,FALSE,
서울탑동물병원,서울특별시 양천구 중앙로 237,,,FALSE,FALSE,FALSE,FALSE,http://blog.naver.com/animalhospital-
러브펫동물병원 타임스퀘어점,서울특별시 영등포구 영중로 15,02-2634-8275,,FALSE,FALSE,FALSE,FALSE,http://blog.naver.com/dr_animal
굿모닝동물병원,서울특별시 마포구 독막로 295,02-711-3375,,FALSE,FALSE,FALSE,FALSE,http://blog.naver.com/evaguyl
한마음동물병원,서울특별시 강서구 강서로18길 17,02-2692-8275,"반려동물 진료, 미용, 호텔, 분양",FALSE,TRUE,TRUE,FALSE,
원동물병원,서울특별시 동작구 사당로 180,02-587-5618,"예방접종, 심장사상충, 치아관리, 건강검진 등 진료",FALSE,FALSE,FALSE,FALSE,http://jjaem76.blog.me/
학동24시동물병원,서울특별시 강남구 학동로 165,02-544-9988,"진료, 수술, 접종, 교배 전문 및 용품 판매",TRUE,FALSE,FALSE,TRUE,
가람동물병원,서울특별시 강동구 성내로 36,02-484-5502,,FALSE,FALSE,FALSE,FALSE,http://www.garamah.co.kr/
예일동물병원,서울특별시 관악구 봉천로 232,02-832-0081,"예방접종, 질병치료 및 진료 상담",FALSE,FALSE,FALSE,FALSE,
24시 예스 동물병원,서울특별시 서초구 잠원로 24,02-534-3475,,TRUE,FALSE,FALSE,FALSE,http://blog.naver.com/numberhana
누리봄동물병원,서울특별시 종로구 사직로12길 2,02-735-7530,,FALSE,FALSE,FALSE,FALSE,http://blog.naver.com/nuribom_
바른동물병원,서울특별시 성동구 독서당로 270,02-2297-7570,,FALSE,FALSE,FALSE,FALSE,http://blog.naver.com/bluebrand_
오류동물병원,서울특별시 구로구 경인로 234,02-2612-3232,,FALSE,FALSE,FALSE,FALSE,
망원 동물종합병원,서울특별시 마포구 월드컵로 65,02-332-0175,,FALSE,FALSE,FALSE,FALSE,
박효리군동물병원,서울특별시 마포구 포은로 64,02-326-0275,"애완동물 진료, 수술 및 미용",FALSE,FALSE,TRUE,FALSE,
행복한 동물병원,서울특별시 도봉구 도봉로136길 7,02-996-8275,,FALSE,FALSE,FALSE,FALSE,http://happyanimalclinic.modoo.at/
마리스동물의료센터,서울특별시 강동구 올림픽로 820,02-442-8287,,FALSE,FALSE,FALSE,FALSE,http://marisamc.modoo.at/
홈펫 동물병원,서울특별시 강북구 도봉로 110-1,02-983-9575,"야간 응급, 교통사고, 홍역, 파보 등 진료",FALSE,FALSE,FALSE,FALSE,http://www.homepet24.com/
수동물병원,서울특별시 노원구 동일로 1689,,,FALSE,FALSE,FALSE,FALSE,
드림동물병원,서울특별시 구로구 중앙로8길 11,02-3666-0204,,FALSE,FALSE,FALSE,FALSE,http://blog.naver.com/vetjhlee
에버펫동물병원,서울특별시 송파구 오금로 422,02-409-7533,"내과, 일반 외과, 치과 진료, 병리진단 등 진료",FALSE,FALSE,FALSE,FALSE,http://www.everpet.co.kr/
잠실종합동물병원,서울특별시 송파구 송파대로 388,02-415-7585,,FALSE,FALSE,FALSE,FALSE,
서초힐스동물병원,서울특별시 서초구 태봉로2길 30,02-574-7582,"반려동물 진료, 미용, 애견용품 등 판매",FALSE,FALSE,TRUE,TRUE,http://blog.naver.com/hillsah
화인 종합 동물병원,서울특별시 서초구 서초대로길 4,02-523-0275,,FALSE,FALSE,FALSE,FALSE,http://cafe.naver.com/finetotalmed/
바론동물의료센터,서울특별시 동대문구 이문로 136,02-965-0075,,FALSE,FALSE,FALSE,FALSE,http://baronamc.modoo.at/
가락동물병원,서울특별시 송파구 오금로 247,02-413-0075,"애견미용, 신장질환 등 동물치료 전문",FALSE,FALSE,TRUE,FALSE,
고득영 동물병원,서울특별시 강서구 곰달래로 199,02-2608-0973,"예방접종, 수술 및 미용, 교배 상담 전문",FALSE,FALSE,TRUE,FALSE,
텐즈힐링동물병원,,02-2295-0975,,FALSE,FALSE,FALSE,FALSE,
애니케어동물병원,서울특별시 강북구 삼양로 499,02-996-1007,,FALSE,FALSE,FALSE,FALSE,
연동물병원,서울특별시 송파구 올림픽로 119,02-423-8280,,FALSE,FALSE,FALSE,FALSE,
퍼피즌동물병원,서울특별시 강남구 선릉로 622,02-541-2652,"진료, 분양, 미용 서비스, 용품 판매 전문",FALSE,FALSE,TRUE,TRUE,
엔젤동물병원,서울특별시 노원구 동일로 1104,02-977-0275,,FALSE,FALSE,FALSE,FALSE,
에디슨동물병원,서울특별시 광진구 아차산로 530,02-447-5975,"건강검진, 외과 수술, 만성 피부질환, 행동 교정 전문",FALSE,FALSE,FALSE,FALSE,
파란동물병원,서울특별시 양천구 신월로 179,02-2692-8255,"노령견, 고양이 클리닉, 내분비, 안과, 치과, 비뇨기, 정형외과, 종양 등 외과수술",FALSE,FALSE,FALSE,FALSE,
한빛동물병원,서울특별시 은평구 진관4로 87,02-382-7511,,FALSE,FALSE,FALSE,FALSE,http://cafe.naver.com/hanbitah
마곡나무동물병원,서울특별시 강서구 마곡중앙1로 72,02-2661-7515,,FALSE,FALSE,FALSE,FALSE,http://www.magoknamu.com/
앙리 동물병원,서울특별시 성북구 성북로 66,02-766-7577,,FALSE,FALSE,FALSE,FALSE,http://henryamc.blog.me/
마음동물병원,서울특별시 구로구 오리로 1271,02-2611-5223,,FALSE,FALSE,FALSE,FALSE,http://blog.naver.com/mastervet
25시동물병원,서울특별시 노원구 한글비석로8길 20-16,02-935-0075,"안과, 외과, 노령견 질환 전문, 야간 응급진료",TRUE,FALSE,FALSE,FALSE,
서울허브동물병원,서울특별시 관악구 남부순환로 1811,02-875-7579,,FALSE,FALSE,FALSE,FALSE,
송파 바로 동물병원,서울특별시 송파구 새말로 125,,,FALSE,FALSE,FALSE,FALSE,http://blog.naver.com/baroah
희망동물병원,서울특별시 송파구 올림픽로 88,02-414-7588,"안과, 치과, 슬개골탈구, 골절수술, 디스크 치료, 심장기형 수술, 척추 수술",FALSE,FALSE,FALSE,FALSE,http://blog.naver.com/hope19900
이n김동물병원,서울특별시 도봉구 마들로 664,02-955-6530,,FALSE,FALSE,FALSE,FALSE,
참좋은동물병원,서울특별시 은평구 백련산로 29,02-3152-0075,,FALSE,FALSE,FALSE,FALSE,http://blog.naver.com/naraevc
벨라동물병원,서울특별시 구로구 구로중앙로34길 30,02-859-8775,"강아지, 고양이, 동물, 해외, 출입국, 비행기, 호주, 일본, 유럽, 운송, 배송, 검역, 광견병 항체 검사, 중성화 수술, 미용, 호텔",FALSE,TRUE,TRUE,FALSE,http://www.bellapet.co.kr/
스테이동물병원,,02-2282-7501,,FALSE,FALSE,FALSE,FALSE,http://blog.naver.com/stayah
디아나동물병원,서울특별시 서초구 방배로 118,02-521-9010,"외과수술, 치과전문",FALSE,FALSE,FALSE,FALSE,http://blog.naver.com/mokujin621
홍상희종합동물병원,서울특별시 중랑구 동일로 899,02-974-0339,,FALSE,FALSE,FALSE,FALSE,
우솔동물병원,서울특별시 노원구 화랑로 349,02-973-7588,,FALSE,FALSE,FALSE,FALSE,
닥터스종합동물병원,서울특별시 노원구 월계로 338,02-905-7588,,FALSE,FALSE,FALSE,FALSE,
광화문동물병원,서울특별시 종로구 사직로9길 6-1,02-722-8275,,FALSE,FALSE,FALSE,FALSE,http://blog.naver.com/ghmah
넥스펫동물병원,서울특별시 서초구 효령로 347,02-3474-7582,"미용, 수술 전문, 야간 응급진료 및 강아지, 고양이 미용",FALSE,FALSE,TRUE,FALSE,http://nexpetah.modoo.at/
온마음동물메디컬센터,서울특별시 송파구 오금로 473,02-449-0075,,FALSE,FALSE,FALSE,FALSE,http://beingamc.blog.me/
참사랑 동물병원,서울특별시 양천구 목동남로4길 6-11,02-2643-7882,,FALSE,FALSE,FALSE,FALSE,
하나동물병원,서울특별시 서초구 헌릉로8길 10-12,02-574-0511,,FALSE,FALSE,FALSE,FALSE,http://hanaah80.blog.me/
우리동물병원,서울특별시 서대문구 통일로 197,02-393-6675,"슬개골 탈구, 고양이 전문, 특수 동물",FALSE,FALSE,FALSE,FALSE,http://blog.naver.com/wooriah
쿨펫동물병원,서울특별시 양천구 오목로 299,02-2645-2727,,FALSE,FALSE,FALSE,FALSE,
예스동물병원,서울특별시 마포구 마포대로 195,02-363-7975,,FALSE,FALSE,FALSE,FALSE,http://blog.naver.com/yescare1027
안정택동물병,서울특별시 구로구 천왕로 106,,,FALSE,FALSE,FALSE,FALSE,http://blog.naver.com/goldplaza201
뉴월드동물병원,서울특별시 동대문구 천호대로 211,02-2212-5233,,FALSE,FALSE,FALSE,FALSE,http://blog.naver.com/shinks1122
참동물병원,서울특별시 영등포구 영등포로 376,02-841-0075,"애견미용, 애완용품 판매 및 진료 전문",FALSE,FALSE,TRUE,TRUE,
북악동물병원,서울특별시 종로구 자하문로 293,02-391-4575,"피부, 안과, 특수 동물 진료, 천연기념물 동물 진료",FALSE,FALSE,FALSE,FALSE,http://bukakvet.modoo.at/
하니동물병원,서울특별시 중랑구 신내로 225,02-3422-0977,"예방접종, 미용, 분양, 사료 및 용품 판매",FALSE,FALSE,TRUE,TRUE,
닥터엠동물병원,서울특별시 마포구 마포대로 195,02-313-7979,"애견애묘상식, 내과, 외과, 반려동물 건강유지법, 건강 검진, 미용, 호텔",FALSE,TRUE,TRUE,FALSE,http://drmvet.com/
이수동물병원,서울특별시 동작구 사당로23나길 30,02-592-8875,"강아지, 고양이 등 진료 및 분양",FALSE,FALSE,FALSE,FALSE,http://cafe.daum.net/isu-ah/
반포자이동물병원,서울특별시 서초구 사평대로45길 10-25,02-3476-3535,,FALSE,FALSE,FALSE,FALSE,http://blog.naver.com/bxiah
신림종합동물병원,서울특별시 관악구 신림로 157-1,02-877-8588,"슬개골 수술, 골절, 중성화 외과수술 전문, 스켈링 등 치과 진료, 예방접종, 내과, 피부과 및 애견미용",FALSE,FALSE,TRUE,FALSE,
미래동물병원,서울특별시 노원구 공릉로 168,02-949-5975,,FALSE,FALSE,FALSE,FALSE,
로잔동물의료센터,서울특별시 관악구 관악로29길 3,02-872-7588,,FALSE,FALSE,FALSE,FALSE,http://blog.naver.com/laussane
두암한방동물병원,서울특별시 양천구 목동중앙북로 73,02-846-4597,,FALSE,FALSE,FALSE,FALSE,http://blog.naver.com/lee8314036
마루동물병원,서울특별시 송파구 양산로4길 13,02-443-8898,,FALSE,FALSE,FALSE,FALSE,http://blog.naver.com/marooah
다옴동물병원,서울특별시 강남구 광평로10길 50,02-2226-7975,,FALSE,FALSE,FALSE,FALSE,http://blog.naver.com/daomvetcare
굿모닝동물병원,서울특별시 강남구 학동로 413,02-548-5466,,FALSE,FALSE,FALSE,FALSE,http://blog.naver.com/goodmorningclinic
SL동물병원,서울특별시 성동구 왕십리로 340,02-2299-8575,"외과 전공, 슬개골 탈구, 유선종양, 중성화, 미용, 호텔",FALSE,TRUE,TRUE,FALSE,http://slah.modoo.at/
금강동물병원,,02-798-7512,,FALSE,FALSE,FALSE,FALSE,
미소동물병원,서울특별시 성북구 종암로 91,02-929-1212,,FALSE,FALSE,FALSE,FALSE,
파티마동물병원,서울특별시 마포구 신촌로 24,02-325-7975,,FALSE,FALSE,FALSE,FALSE,http://cafe.naver.com/fatimaah
스마트동물병원,서울특별시 동대문구 한천로 164,02-2242-0175,,FALSE,FALSE,FALSE,FALSE,http://blog.naver.com/smartddm
와우동물병원,서울특별시 마포구 월드컵북로 167,02-375-1963,,FALSE,FALSE,FALSE,FALSE,
카디오동물의료병원,서울특별시 강남구 강남대로118길 60,02-546-2999,,FALSE,FALSE,FALSE,FALSE,
메디펫동물병원,서울특별시 은평구 통일로 885,02-384-0075,,FALSE,FALSE,FALSE,FALSE,http://blog.naver.com/aidi70
문정탑동물병원,서울특별시 송파구 송이로 186,02-431-0275,,FALSE,FALSE,FALSE,FALSE,http://blog.naver.com/mjtopah
청담동물병원,서울특별시 송파구 토성로 30-1,02-473-0577,,FALSE,FALSE,FALSE,FALSE,http://blog.naver.com/chungdam_ah
다울,서울특별시 서초구 효령로 100,02-3473-0911,,FALSE,FALSE,FALSE,FALSE,
퍼스동물병원,서울특별시 용산구 신흥로 54,,,FALSE,FALSE,FALSE,FALSE,
시마동물병원,서울특별시 노원구 동일로 1356,02-908-7585,"개, 고양이 중성화 및 슬개골 수술, 미용, 호텔 운영 및 사료, 용품 판매",FALSE,TRUE,TRUE,TRUE,
서서울호수동물병원,서울특별시 양천구 남부순환로 421,02-6959-8448,,FALSE,FALSE,FALSE,FALSE,http://blog.naver.com/slah8448
우성동물의료센터,서울특별시 서초구 주흥길 3,02-546-9539,,FALSE,FALSE,FALSE,FALSE,
삼성종합동물병원,서울특별시 강남구 일원로 45,02-459-2824,"질병예방, 진료 및 수술",FALSE,FALSE,FALSE,FALSE,http://blog.naver.com/jipangdosa
맑은동물병원,서울특별시 동대문구 청계천로 417,02-2234-1379,"강아지, 고양이, 특수동물 진료 및 용품 판매",FALSE,FALSE,FALSE,TRUE,
행복한세상동물병원,서울특별시 양천구 목동동로 309,02-2645-7582,"반려동물 일반진료 및 수술, 용품 판매, 미용, 분양 등 전문",FALSE,FALSE,TRUE,TRUE,
닥터K,서울특별시 마포구 월드컵북로 347,02-306-1259,,FALSE,FALSE,FALSE,FALSE,
메디펫 동물병원,서울특별시 서초구 효령로 384,02-586-7501,,FALSE,FALSE,FALSE,FALSE,
서울동물심장병원,서울특별시 강남구 언주로 542,02-6203-7588,,FALSE,FALSE,FALSE,FALSE,http://www.sahh.co.kr/
뉴타운동물병원,서울특별시 은평구 진관3로 70,02-385-8275,,FALSE,FALSE,FALSE,FALSE,
박형우동물병원,서울특별시 강동구 올림픽로 560,02-488-8275,,FALSE,FALSE,FALSE,FALSE,
남산동물병원,서울특별시 중구 다산로 32,02-2256-8275,"질병예방, 건강검진, 질병치료 등 안내",FALSE,FALSE,FALSE,FALSE,
개봉동물병원,서울특별시 구로구 고척로 157,02-2615-5014,,FALSE,FALSE,FALSE,FALSE,
동물의왕국동물병원,서울특별시 송파구 마천로 263,02-406-4814,"침술 치료 및 중성화 수술, 애견 분양, 마이크로칩 전문시술",FALSE,FALSE,FALSE,FALSE,
해피동물병원,서울특별시 구로구 중앙로 67,02-2619-7533,,FALSE,FALSE,FALSE,FALSE,
신내동물병원,서울특별시 중랑구 봉화산로 103,02-3422-0001,"중성화 수술, 귀치료, 피부치료, 예방접종",FALSE,FALSE,FALSE,FALSE,
광나루동물병원,서울특별시 강동구 올림픽로 800,02-3427-7582,"종합검진, 혈액검사, 초음파, X-ray, 녹내장 및 각종 수술",FALSE,FALSE,FALSE,FALSE,http://blog.naver.com/pethospital
하스펫탈동물병원,서울특별시 중랑구 면목로 437,02-435-2275,안과 전문,FALSE,FALSE,FALSE,FALSE,
가재울봉쥬르동물병원,서울특별시 서대문구 거북골로 178,02-305-8275,,FALSE,FALSE,FALSE,FALSE,http://blog.naver.com/bonjourah
초이스동물병원,서울특별시 강북구 삼양로117길 5,,,FALSE,FALSE,FALSE,FALSE,
강남서초동물병원,서울특별시 서초구 사임당로 97,02-598-9875,애견상식,FALSE,FALSE,FALSE,FALSE,http://www.gsac.co.kr/
한샘종합동물병원,서울특별시 구로구 경인로 352,02-2681-7585,애완동물 수술 및 야간 진료 전문,FALSE,FALSE,FALSE,FALSE,
쿨펫동물병원,서울특별시 강서구 양천로 431,02-3665-1838,,FALSE,FALSE,FALSE,FALSE,http://blog.naver.com/coolpetah
대현동물병원,서울특별시 양천구 목동중앙본로 100,02-2651-1855,,FALSE,FALSE,FALSE,FALSE,
장평종합동물병원,서울특별시 동대문구 장한로 139,02-2215-2022,,FALSE,FALSE,FALSE,FALSE,
닥터그레이 동물병원,서울특별시 강남구 언주로30길 21,02-529-7587,"슬개골 탈구, 중성화 수술전문, 심장질환 및 노령견 건강검진",FALSE,FALSE,FALSE,FALSE,http://blog.naver.com/grey7587
케이나인종합동물병원 본점,서울특별시 구로구 개봉로 40,02-2686-3939,,FALSE,FALSE,FALSE,FALSE,http://blog.naver.com./winsomekang
도그플러스동물병원,서울특별시 강서구 화곡로 398,02-3662-3533,,FALSE,FALSE,FALSE,FALSE,https://sites.google.com/site/dogplusvet/
다정동물병원,서울특별시 강남구 학동로20길 39,02-544-7975,,FALSE,FALSE,FALSE,FALSE,
열린종합동물병원,서울특별시 강동구 양재대로 1508,02-487-7575,,FALSE,FALSE,FALSE,FALSE,
해맑은동물병원,서울특별시 광진구 뚝섬로 670,02-6954-7582,,FALSE,FALSE,FALSE,FALSE,
HS두리동물병원,서울특별시 서초구 반포대로 287,02-3476-7522,"쿠싱, 당뇨, 심장, 혈압, 노령견 관리 전문, 연회원제 운영, 애견미용 상담",FALSE,FALSE,TRUE,FALSE,
건국대학교 부속동물병원,서울특별시 광진구 능동로 120-1,,,FALSE,FALSE,FALSE,FALSE,http://vmth.konkuk.ac.kr/
구름동물병원,서울특별시 양천구 신정이펜2로 22,02-2694-8275,,FALSE,FALSE,FALSE,FALSE,
상도힐링동물병원,서울특별시 동작구 상도로 353,02-812-7512,,FALSE,FALSE,FALSE,FALSE,http://blog.naver.com/happycare719
시민동물병원,서울특별시 광진구 자양로 94,02-456-4466,,FALSE,FALSE,FALSE,FALSE,
쿨펫동물병원 빅마켓금천점,서울특별시 금천구 두산로 71,02-861-2000,"동물진료, 애견분양, 미용, 훈련상담, 용품 판매",FALSE,FALSE,TRUE,TRUE,
수정동물병원,서울특별시 강남구 광평로9길 34,02-6053-6052,"진료, 수술, 미용, 호텔, 용품 판매",FALSE,TRUE,TRUE,TRUE,
24시 밀리언 동물병원,서울특별시 양천구 신월로 320,02-2061-5277,,TRUE,FALSE,FALSE,FALSE,http://blog.naver.com/neoeast12
스마트동물병원,서울특별시 노원구 노원로 470,02-952-7582,,FALSE,FALSE,FALSE,FALSE,http://blog.naver.com/nwsmart
다루동물병원,서울특별시 은평구 불광로 60,02-356-8353,,FALSE,FALSE,FALSE,FALSE,
도그플러스동물병원,서울특별시 영등포구 당산로 42,02-2069-0082,,FALSE,FALSE,FALSE,FALSE,
바라봄동물병원,서울특별시 성동구 왕십리로 410,02-2297-9300,,FALSE,FALSE,FALSE,FALSE,
정다운동물병원,서울특별시 동대문구 안암로 102,02-923-0075,"개의 만성질환, 비만 진료, 고양이, 토끼, 햄스터, 고슴도치 등 진료",FALSE,FALSE,FALSE,FALSE,
나을동물병원,서울특별시 동작구 사당로 196,02-521-5775,,FALSE,FALSE,FALSE,FALSE,http://blog.naver.com/dongmari
가좌동물병원,서울특별시 서대문구 응암로 77,02-307-4633,,FALSE,FALSE,FALSE,FALSE,http://blog.naver.com/PostList.nhn?blogId=lym4833&amp;categoryNo=0&amp;from=postList
키움동물병원,서울특별시 노원구 노원로1길 9,02-949-7582,,FALSE,FALSE,FALSE,FALSE,
아리 동물병원,서울특별시 은평구 증산서길 132,02-307-7502,"외과수술 및 미용, 애견용품 판매",FALSE,FALSE,TRUE,TRUE,
한동물병원,서울특별시 서초구 동산로 66,02-577-3690,,FALSE,FALSE,FALSE,FALSE,http://blog.naver.com/hanspet3690
카카오N동물병원,서울특별시 성북구 길음로 33,02-942-4883,,FALSE,FALSE,FALSE,FALSE,
노아동물병원,서울특별시 양천구 신목로 59,02-2654-6183,"애견용품 판매 및 치료, 미용 등 건강검진 전문",FALSE,FALSE,TRUE,TRUE,
명성동물병원,서울특별시 강동구 양재대로 1601,02-476-7582,"종합검진, 수술, 진료, 미용용품 판매",FALSE,FALSE,TRUE,TRUE,http://msanimal.blog.me/100194179990
서울종합동물병원,서울특별시 관악구 신림로 233,02-888-8807,,FALSE,FALSE,FALSE,FALSE,
가나종합동물병원,서울특별시 양천구 목동서로 35,02-2645-7588,"노령동물, 심장내과, 종양, 슬개골 탈구 및 외과 수술, 고양이 진료",FALSE,FALSE,FALSE,FALSE,http://town.cyworld.com/ganaanimal
박동물병원,서울특별시 강서구 강서로 294,02-3665-5982,,FALSE,FALSE,FALSE,FALSE,
일오삼동물병원,서울특별시 양천구 지양로 52,02-2606-1990,,FALSE,FALSE,FALSE,FALSE,
동물병원,서울특별시 양천구 목동중앙로 43,02-2062-1110,동물 진료 및 미용전문,FALSE,FALSE,TRUE,FALSE,
리더스24시동물병원,서울특별시 양천구 신목로 78,02-2652-1865,,TRUE,FALSE,FALSE,FALSE,http://blog.naver.com/leaders24si
조은동물병원,서울특별시 은평구 수색로 217,02-3152-8575,,FALSE,FALSE,FALSE,FALSE,http://blog.naver.com/bairon01
닥터표동물병원,서울특별시 강동구 올림픽로 566,02-484-4063,,FALSE,FALSE,FALSE,FALSE,http://drpyoah.modoo.at/
동산동물병원,서울특별시 송파구 백제고분로 270,02-3432-7533,"개, 고양이, 설치류 응급진료, 혈액검사, 수술 및 피부, 화상, 미용, 용품, 호텔 전문",FALSE,TRUE,TRUE,TRUE,http://dongsanah.modoo.at/
마곡숲동물병원,서울특별시 강서구 강서로 471,02-3662-5675,,FALSE,FALSE,FALSE,FALSE,
베이동물병원,서울특별시 용산구 이촌로 248,02-749-7588,,FALSE,FALSE,FALSE,FALSE,
방주종합동물병원,서울특별시 광진구 능동로 334,02-454-9975,,FALSE,FALSE,FALSE,FALSE,
진정훈동물병원,서울특별시 중랑구 동일로 777,02-2207-0073,,FALSE,FALSE,FALSE,FALSE,http://vetzzin.modoo.at/
이상윤동물병원,서울특별시 용산구 이촌로 248,02-792-5455,,FALSE,FALSE,FALSE,FALSE,
초콜릿동물병원,서울특별시 서대문구 응암로 117,02-307-3335,,FALSE,FALSE,FALSE,FALSE,
삼성동물병원,서울특별시 강북구 삼양로19길 25,,,FALSE,FALSE,FALSE,FALSE,http://blog.naver.com/samsung_vet/
은행나무 종합동물병원,서울특별시 금천구 금하로 694,02-804-0975,,FALSE,FALSE,FALSE,FALSE,
잠실 준 25시 동물병원,서울특별시 송파구 석촌호수로 138,02-415-7580,"진료, 애견미용, 교배, 분양 안내",TRUE,FALSE,TRUE,FALSE,http://blog.naver.com/vetjoon
포레스트 동물병원,서울특별시 영등포구 영중로 145,02-2635-7582,,FALSE,FALSE,FALSE,FALSE,http://forestanimal.co.kr/
영국동물병원,서울특별시 송파구 동남로18길 23,,"애완동물 진료, 치료 및 수술 전문",FALSE,FALSE,FALSE,FALSE,
한남동물병,서울특별시 용산구 대사관로24길 28,02-793-9230,,FALSE,FALSE,FALSE,FALSE,
굿모닝동물병원,서울특별시 강서구 방화대로47가길 7,02-2665-8256,,FALSE,FALSE,FALSE,FALSE,
한나동물병원,서울특별시 서초구 방배로 269,02-595-8875,"미용, 중성화 등 동물 진료",FALSE,FALSE,TRUE,FALSE,
사당동물병원,서울특별시 동작구 남부순환로 2051,02-586-8275,,FALSE,FALSE,FALSE,FALSE,http://blog.naver.com/sadang7582
반디동물병원,서울특별시 광진구 능동로 18,02-461-0079,,FALSE,FALSE,FALSE,FALSE,
박창석종합동물병원,서울특별시 마포구 도화길 42,02-6405-7582,"애완동물 외과 수술, 피부과 전문",FALSE,FALSE,FALSE,FALSE,http://blog.naver.com/parkcs900
프라임동물병원,서울특별시 광진구 아차산로 451,02-457-0292,"미용, 사료, 용품 판매",FALSE,FALSE,TRUE,TRUE,
태현동물병원,서울특별시 도봉구 도당로 79,02-6014-9947,"애견 미용, 호텔 등 서비스 및 진료",FALSE,TRUE,TRUE,FALSE,
가람동물병원,서울특별시 송파구 오금로 494,02-408-9724,"애견미용, 애견용품 판매 및 치료, 수술 전문",FALSE,FALSE,TRUE,TRUE,
여의도동물병원 대교점,서울특별시 영등포구 여의대방로 417,02-761-7580,"진료, 애견미용, 용품 판매",FALSE,FALSE,TRUE,TRUE,http://www.yeouidoah.com/
자양동물병원,서울특별시 광진구 뚝섬로52길 4,02-456-0975,,FALSE,FALSE,FALSE,FALSE,http://blog.naver.com/fdgerfdger
Dr.주 동물병원,서울특별시 강동구 양재대로 1376,,"강아지, 고양이 수술, 진료",FALSE,FALSE,FALSE,FALSE,http://blog.naver.com/bestoda
하나동물병원,서울특별시 강남구 영동대로 217,02-508-5859,,FALSE,FALSE,FALSE,FALSE,
바다동물병원,서울특별시 용산구 서빙고로 69,02-792-2561,,FALSE,FALSE,FALSE,FALSE,https://www.instagram.com/badavet
도그플러스동물병원,서울특별시 금천구 시흥대로 391,02-809-0075,,FALSE,FALSE,FALSE,FALSE,
성내동물병원,서울특별시 강동구 풍성로 145,02-484-5252,,FALSE,FALSE,FALSE,FALSE,http://blog.naver.com/baklan1236
담은동물병원,서울특별시 은평구 통일로 796,02-356-9475,,FALSE,FALSE,FALSE,FALSE,http://blog.naver.com/dameunamc
동물병원다온,서울특별시 강남구 도곡로 174,02-576-1239,,FALSE,FALSE,FALSE,FALSE,http://blog.naver.com/daontjdxo
에이원동물병원,서울특별시 서초구 반포대로 89,02-521-8181,,FALSE,FALSE,FALSE,FALSE,http://blog.naver.com/a1ah81/
LK동물병원,서울특별시 노원구 중계로 225,02-952-6426,"애견 진료 및 미용, 사료 용품 취급 전문",FALSE,FALSE,TRUE,TRUE,http://lkpet.modoo.at/
행복한동물병원,서울특별시 마포구 월드컵북로 224,02-302-7502,"반려, 특수동물 건강검진, 아토피 원인치료, 영양상담 , 행동교정 특화",FALSE,FALSE,FALSE,FALSE,http://blog.naver.com/allreen
와이즈동물병원,서울특별시 강남구 강남대로128길 34,02-515-8276,,FALSE,FALSE,FALSE,FALSE,
길음동물병원,서울특별시 성북구 동소문로 248,02-913-1874,,FALSE,FALSE,FALSE,FALSE,
그린동물병원,서울특별시 동대문구 정릉천동로 58,02-957-7075,,FALSE,FALSE,FALSE,FALSE,
라파엘동물병원,서울특별시 서대문구 연희로 132,02-333-8632,,FALSE,FALSE,FALSE,FALSE,http://m.townspot.co.kr/023338632/
보람동물병원,서울특별시 중랑구 면목로 269,02-434-5465,,FALSE,FALSE,FALSE,FALSE,
메디포즈동물의료센터,서울특별시 강남구 역삼로 134,02-558-6354,"안과 전문, 슬개골 탈구 전문, 외과 특화 병원, 아토피, 피부병치료 전문, 노령견 전문",FALSE,FALSE,FALSE,FALSE,http://www.medipawz.co.kr/
구림동물병원,서울특별시 마포구 성미산로 92,02-333-7802,,FALSE,FALSE,FALSE,FALSE,
서울숲동물병원,서울특별시 성동구 뚝섬로 386,02-466-2475,,FALSE,FALSE,FALSE,FALSE,
방주동물의료센터,서울특별시 강동구 양재대로 1299,02-476-3927,,FALSE,FALSE,FALSE,FALSE,http://bangzoo.net/
다나동물병원,서울특별시 성북구 화랑로 301,02-943-8575,,FALSE,FALSE,FALSE,FALSE,
동물제중원금손이,서울특별시 서초구 서초대로 124,02-581-5500,"한방동물병원, 디스크, 뇌질환, 노령동물질환 치료",FALSE,FALSE,FALSE,FALSE,http://www.geumsoni.com/
캐나다동물병원,서울특별시 동작구 상도로 111,02-822-3938,,FALSE,FALSE,FALSE,FALSE,
바우동물병원,서울특별시 송파구 올림픽로35길 112,02-424-7582,,FALSE,FALSE,FALSE,FALSE,http://blog.naver.com/dvmbau
디아크동물병원,서울특별시 동대문구 홍릉로 64-1,,,FALSE,FALSE,FALSE,FALSE,
현진우동물병원,서울특별시 강남구 역삼로 138,02-566-5852,,FALSE,FALSE,FALSE,FALSE,http://blog.naver.com/onlybstar
가재울 햇살동물병원,서울특별시 서대문구 수색로 56,02-6272-0075,,FALSE,FALSE,FALSE,FALSE,http://blog.naver.com/arkanimal
스킨앤이어동물병원,서울특별시 송파구 송파대로 474,02-417-3021,"강아지 피부병, 귀병, 아토피 전문",FALSE,FALSE,FALSE,FALSE,http://skinnear.modoo.at/
온누리종합동물병원,서울특별시 영등포구 도신로 186,02-845-0780,"수술, 응급진료, 미용, 호텔, 분양, 용품",FALSE,TRUE,TRUE,TRUE,
프렌즈동물병원,서울특별시 관악구 관악로 223,02-874-7585,,FALSE,FALSE,FALSE,FALSE,
M동물의료센터,서울특별시 서초구 사임당로 78,02-588-7511,,FALSE,FALSE,FALSE,FALSE,http://mamc.modoo.at/
베스트동물병원,서울특별시 강서구 까치산로 30,02-2604-1495,"개, 고양이 중성화 수술, 위 내시경, 혈액 검사 및 호르몬 검사, 진료 전문",FALSE,FALSE,FALSE,FALSE,
박경호동물병원,서울특별시 송파구 올림픽로 362,02-418-8611,"동물의 진료, 미용, 분양 용품, 호텔 등의 서비스를 제공",FALSE,TRUE,TRUE,TRUE,http://2151370656.modoo.at/
신촌동물병원,서울특별시 마포구 신촌로 108,02-704-1800,,FALSE,FALSE,FALSE,FALSE,
하나사랑동물병원,서울특별시 동작구 상도로 171,02-822-7574,,FALSE,FALSE,FALSE,FALSE,
김민재동물병원,서울특별시 송파구 동남로 318,02-443-8973,애견상식,FALSE,FALSE,FALSE,FALSE,http://blog.naver.com/kmjhkn0075/
북아현동물병원,서울특별시 서대문구 신촌로 289-1,02-393-0075,,FALSE,FALSE,FALSE,FALSE,http://blog.naver.com/baha0075
박철환동물병원,서울특별시 동대문구 사가정로 221,02-2244-7479,"동물 진료 및 애견미용, 애견용품 취급",FALSE,FALSE,TRUE,TRUE,
정릉동물병원,서울특별시 성북구 보국문로 4,02-941-7525,"양한방협진, 애견미용, 용품판매",FALSE,FALSE,TRUE,TRUE,
구파발동물병원,서울특별시 은평구 진관2로 57-7,02-356-9725,,FALSE,FALSE,FALSE,FALSE,
푸른동물병원,서울특별시 구로구 구로동로 111-1,02-861-0075,"강아지, 고양이 진료, 미용, 애견용품 및 사료 판매",FALSE,FALSE,TRUE,TRUE,
애니펫동물병원,서울특별시 동대문구 제기로 77,02-966-4475,"외과, 정형외과, 내과, 산과, 안과, 임상진단과, 치과",FALSE,FALSE,FALSE,FALSE,http://anypetah.com/
이로동물병원,서울특별시 관악구 남부순환로 1678,02-887-1575,,FALSE,FALSE,FALSE,FALSE,http://www.iroanimal.com/
닥터베토벤동물병원,서울특별시 강동구 구천면로 664,02-427-1076,,FALSE,FALSE,FALSE,FALSE,
우리동물병원,서울특별시 성북구 삼양로 84,02-989-8575,,FALSE,FALSE,FALSE,FALSE,
도그플러스동물병원,서울특별시 중랑구 신내로 201,02-3421-9075,,FALSE,FALSE,FALSE,FALSE,http://blog.naver.com/duck337
24시서울플러스종합동물병원,서울특별시 강서구 등촌로 55,02-2652-7515,,TRUE,FALSE,FALSE,FALSE,
임갑미동물병원,서울특별시 서초구 신반포로 257,02-596-4566,,FALSE,FALSE,FALSE,FALSE,
사랑동물병원,서울특별시 구로구 도림로 98,02-851-1368,"디지탈 엑스레이, 초음파, 호흡 마취기, 혈액 분석기",FALSE,FALSE,FALSE,FALSE,
펫가든동물병원,서울특별시 강서구 하늘길 38,02-6116-1775,"애견 미용, 호텔, 분양, 용품 판매",FALSE,TRUE,TRUE,TRUE,
태일동물병원,서울특별시 도봉구 해등로 184,02-997-0075,,FALSE,FALSE,FALSE,FALSE,http://www.animaldentistry.co.kr/xe
꿈의숲동물병원,서울특별시 성북구 돌곶이로 205,02-915-5485,,FALSE,FALSE,FALSE,FALSE,
중곡동물병원,서울특별시 광진구 긴고랑로 47,02-462-5595,애완동물 진료 및 미용전문 애견용품 판매,FALSE,FALSE,TRUE,TRUE,
아지동물병원,서울특별시 성동구 독서당로 289,02-6085-7750,"반려동물 진료, 용품, 미용, 호텔",FALSE,TRUE,TRUE,TRUE,
윤신근동물병원,서울특별시 중구 퇴계로 226,02-2272-1234,,FALSE,FALSE,FALSE,FALSE,
굿모닝 동물병원,서울특별시 구로구 개봉로 121,,,FALSE,FALSE,FALSE,FALSE,http://cafe.naver.com/gmvet/
파라곤동물병원,서울특별시 광진구 광나루로 361,02-498-7588,,FALSE,FALSE,FALSE,FALSE,http://paragonah.modoo.at/
강남동물병원,서울특별시 동작구 여의대방로 284,02-813-5999,"동물 진료, 미용, 용품 판매",FALSE,FALSE,TRUE,TRUE,http://blog.daum.net/panbears
강서동물종합병원,서울특별시 강서구 곰달래로15길 46,02-2691-5900,,FALSE,FALSE,FALSE,FALSE,
쿠키동물병원,서울특별시 강북구 삼양로27길 19,02-986-9875,,FALSE,FALSE,FALSE,FALSE,
송파동물종합병원,서울특별시 송파구 송파대로 378,02-424-3662,"강아지 예방접종, 노령, 특수동물, 고양이, 한방치료, 줄기세포 등",FALSE,FALSE,FALSE,FALSE,http://blog.naver.com/kangdvm/
여울동물병원,서울특별시 서초구 방배로 28,,,FALSE,FALSE,FALSE,FALSE,http://여울동물병원.com/
솔로몬동물병원,서울특별시 송파구 마천로 76,,"내, 외과 진료 검사 수술전문, 예방 접종, 기생충 검사, 예방관리, 애견미용, 호텔, 교배 제공",FALSE,TRUE,TRUE,FALSE,
조아동물병원,서울특별시 금천구 금하로1라길 35,02-807-1616,,FALSE,FALSE,FALSE,FALSE,
위즈펫동물병원 홈플러스강동점,서울특별시 강동구 양재대로 1571,02-488-7524,,FALSE,FALSE,FALSE,FALSE,
유림동물안과병원,서울특별시 서초구 강남대로 631,02-593-1045,,FALSE,FALSE,FALSE,FALSE,http://ylaec.com/
닥터펫동물병원,서울특별시 양천구 목동서로 170,02-2643-0283,"애완동물 진료, 행동 교육, 개, 고양이 등 분양, 용품 판매, 미용 등 전문",FALSE,FALSE,TRUE,TRUE,
아람동물병원,서울특별시 영등포구 도신로 225-1,02-835-7975,,FALSE,FALSE,FALSE,FALSE,
닥터제이동물병원,서울특별시 송파구 송파대로 451,02-2202-3633,"애견용품 취급, 미용 및 애견 호텔 운영",FALSE,TRUE,TRUE,TRUE,
꿈꾸는동물병원,서울특별시 서초구 서초중앙로 238,02-592-0202,"반려견, 반려묘 치료",FALSE,FALSE,FALSE,FALSE,
왈츠동물병원,서울특별시 중랑구 신내로 45,02-492-0077,,FALSE,FALSE,FALSE,FALSE,
애니케어동물병원,서울특별시 양천구 중앙로 291,,,FALSE,FALSE,FALSE,FALSE,
서교동물병원,서울특별시 마포구 포은로 105-1,02-332-7984,"애완동물 질환, 진단 및 치료 전문",FALSE,FALSE,FALSE,FALSE,
한양동물병원,서울특별시 송파구 가락로 162,,동물 치료 및 수술 전문,FALSE,FALSE,FALSE,FALSE,
다온동물병원,서울특별시 양천구 중앙로 230,02-2643-8204,,FALSE,FALSE,FALSE,FALSE,
수서동물병원,서울특별시 강남구 광평로 196,02-459-5955,,FALSE,FALSE,FALSE,FALSE,
이성환동물병원,서울특별시 서초구 방배로 232,02-593-8238,,FALSE,FALSE,FALSE,FALSE,
해치동물병원,서울특별시 성동구 독서당로 434,02-535-0975,"예방, 미용, 용품 전문",FALSE,FALSE,TRUE,TRUE,
은평동물병원,서울특별시 은평구 서오릉로 80,02-358-7566,,FALSE,FALSE,FALSE,FALSE,http://blog.naver.com/wxyz543
사랑해 동물병원,서울특별시 강동구 고덕로 133,02-426-2775,,FALSE,FALSE,FALSE,FALSE,http://blog.naver.com/forkfly
연희동물병원,서울특별시 서대문구 연희로25길 101,02-332-2883,,FALSE,FALSE,FALSE,FALSE,
몰리스펫샵 이마트월계점,서울특별시 노원구 마들로3길 15,02-2092-1255,,FALSE,FALSE,FALSE,FALSE,
로엘동물병원,서울특별시 광진구 뚝섬로 623,02-457-8575,,FALSE,FALSE,FALSE,FALSE,
치치동물병원,서울특별시 송파구 충민로2길 36,,"진료, 미용, 호텔, 용품 안내",FALSE,TRUE,TRUE,TRUE,
쿨펫동물병원,서울특별시 강서구 양천로 559,02-3665-7588,,FALSE,FALSE,FALSE,FALSE,http://www.한국중성화센터.com/
현대동물병원,서울특별시 강동구 구천면로 238,02-488-3703,,FALSE,FALSE,FALSE,FALSE,
위례동물병원,서울특별시 송파구 위례광장로 136,,,FALSE,FALSE,FALSE,FALSE,http://blog.naver.com/wiryevet
행복한동물병원,서울특별시 성북구 돌곶이로 91,02-915-7582,,FALSE,FALSE,FALSE,FALSE,
아이비동물병원,서울특별시 서초구 효령로 229,02-583-7580,,FALSE,FALSE,FALSE,FALSE,
펫투게더,서울특별시 동작구 양녕로 184-1,02-822-3459,애견미용,FALSE,FALSE,TRUE,FALSE,http://blog.naver.com/pettogether
강남25시동물병원,서울특별시 강남구 학동로 324,02-545-8575,,TRUE,FALSE,FALSE,FALSE,
기린동물병원,,02-2291-8275,,FALSE,FALSE,FALSE,FALSE,
우리동물병원,서울특별시 종로구 지봉로 96-3,02-3676-1190,,FALSE,FALSE,FALSE,FALSE,http://woorieah.modoo.at/
펫가든동물병원 월드타워점,서울특별시 송파구 올림픽로 300,02-3213-2798,,FALSE,FALSE,FALSE,FALSE,http://blog.naver.com/petgardenwt
염창제일동물병원,서울특별시 강서구 양천로 651,02-3665-7582,"수술, 침치료, 동종요법, 피부병 치료",FALSE,FALSE,FALSE,FALSE,
서초동물병원,서울특별시 서초구 효령로57길 4,02-582-2357,,FALSE,FALSE,FALSE,FALSE,http://blog.naver.com/seochoan
평화와생명동물병원,서울특별시 성동구 행당로 76,02-3395-0075,"아토피, 피부병, 귀병, 만성피부병",FALSE,FALSE,FALSE,FALSE,http://www.peaceanimal.co.kr/
세인트필립동물병원,서울특별시 동작구 남부순환로267길 5,02-3486-7707,"강아지, 고양이 건강진단 및 진료",FALSE,FALSE,FALSE,FALSE,http://www.stphilip.co.kr/
센트럴동물병원,서울특별시 강남구 도곡로 510,02-568-0275,,FALSE,FALSE,FALSE,FALSE,
개포동물병원,서울특별시 강남구 개포로 512,02-3412-7582,,FALSE,FALSE,FALSE,FALSE,
한국동물메디컬센터,서울특별시 중랑구 겸재로 165,02-2208-6788,,FALSE,FALSE,FALSE,FALSE,
반포한강동물병원,서울특별시 서초구 신반포로 49,02-3477-7667,"동물진료, 용품, 미용",FALSE,FALSE,TRUE,TRUE,
동물병원 the 말랑,서울특별시 마포구 토정로 149,02-332-7553,,FALSE,FALSE,FALSE,FALSE,http://blog.naver.com/mallangvet
아미칼동물병원,서울특별시 강남구 남부순환로 2936,02-565-5023,,FALSE,FALSE,FALSE,FALSE,http://blog.naver.com/amicalamc
성수동물병원,서울특별시 성동구 왕십리로 100,02-463-9690,,FALSE,FALSE,FALSE,FALSE,
몰리스펫샵 이마트양재점,서울특별시 서초구 매헌로 16,02-2155-1025,,FALSE,FALSE,FALSE,FALSE,
ILOVEPET 홈플러스남현점,서울특별시 관악구 과천대로 909,02-597-8985,"슬개골 탈구, 성대, 중성화 수술 등 진료",FALSE,FALSE,FALSE,FALSE,
천호종합동물병원,서울특별시 송파구 올림픽로 611,02-473-6900,,FALSE,FALSE,FALSE,FALSE,
화신동물병원,서울특별시 도봉구 도당로 63,02-3493-6101,,FALSE,FALSE,FALSE,FALSE,
송파원동물병원,서울특별시 송파구 백제고분로 432,02-419-7571,,FALSE,FALSE,FALSE,FALSE,http://www.songpawonah.co.kr/
늘사랑동물병원,서울특별시 강동구 고덕로 162,02-442-2223,"개, 고양이 등 동물 진료 및 수술 전문, 애견 미용, 용품, 호텔, 분양",FALSE,TRUE,TRUE,TRUE,
프렌즈동물병원,서울특별시 강북구 오패산로 160,02-945-0075,,FALSE,FALSE,FALSE,FALSE,
김정복동물병원,서울특별시 은평구 통일로 879,02-357-8538,,FALSE,FALSE,FALSE,FALSE,
도곡종합동물병원,서울특별시 강남구 언주로 314,02-554-8875,,FALSE,FALSE,FALSE,FALSE,http://blog.naver.com/erinakim1109
미니주동물병원,서울특별시 양천구 목동중앙북로 37,02-2651-8575,,FALSE,FALSE,FALSE,FALSE,
광장동물의료센터,서울특별시 광진구 아차산로 608,02-452-7975,,FALSE,FALSE,FALSE,FALSE,http://care4yourpet.willstay.co.kr/
포이동물병원,서울특별시 강남구 개포로 223,02-578-8400,,FALSE,FALSE,FALSE,FALSE,
해동물병원,서울특별시 종로구 지봉로 53-1,02-744-9098,,FALSE,FALSE,FALSE,FALSE,
더동물병원,서울특별시 송파구 동남로 202,02-431-7575,,FALSE,FALSE,FALSE,FALSE,
웰니스클리닉동물병원,서울특별시 광진구 아차산로 272,02-2024-1253,,FALSE,FALSE,FALSE,FALSE,
애드펫동물병원,서울특별시 영등포구 선유서로 67,02-2068-2277,,FALSE,FALSE,FALSE,FALSE,
캐슬동물종합병원,서울특별시 구로구 고척로 238,,외과 수술 및 임상 병리 전문,FALSE,FALSE,FALSE,FALSE,
GD동물병원,서울특별시 강동구 상일로 13,02-429-8822,,FALSE,FALSE,FALSE,FALSE,
송이종합동물병원,서울특별시 송파구 송이로 29-1,02-415-7114,,FALSE,FALSE,FALSE,FALSE,http://guestbook.blog.naver.com/songeanimalh
원효동물병원,서울특별시 용산구 원효로 187,02-719-7070,"피부, 귀 치료, 수술 전문",FALSE,FALSE,FALSE,FALSE,
프렌즈동물병원,서울특별시 서초구 방배로 76,02-597-7522,"고양이 진료, 미용, 호텔 운영 및 사료, 용품 판매",FALSE,TRUE,TRUE,TRUE,
응암동물병원,서울특별시 은평구 응암로 261,02-387-6920,"초음파, 방사선, 내시경 등 각종 검사 및 수술 전문",FALSE,FALSE,FALSE,FALSE,
서울동물의료원,서울특별시 송파구 백제고분로 195,02-2202-3515,,FALSE,FALSE,FALSE,FALSE,
대치수동물병원,서울특별시 강남구 삼성로 212,02-539-3339,,FALSE,FALSE,FALSE,FALSE,http://blog.naver.com/daechisooah
메세나프렌즈 동물병원,서울특별시 마포구 양화로 45,02-6083-1008,"강아지, 고양이 분양",FALSE,FALSE,FALSE,FALSE,
목동동물병원,서울특별시 양천구 목동서로 57,02-2648-8275,,FALSE,FALSE,FALSE,FALSE,
한동물병원 개포점,서울특별시 강남구 논현로10길 14,02-575-7581,,FALSE,FALSE,FALSE,FALSE,
몰리스펫샵,서울특별시 송파구 충민로 10,02-2104-5005,,FALSE,FALSE,FALSE,FALSE,
해원종합동물병원,서울특별시 구로구 구일로 110,02-855-7525,"내과, 외과, 치과, 정형외과, 임상병리과, 초음파 등의 애완동물 진료 및 미용 전문",FALSE,FALSE,TRUE,FALSE,
다래동물병원,서울특별시 강동구 구천면로 289,02-474-0117,,FALSE,FALSE,FALSE,FALSE,http://www.vetclinic.co.kr/
펫세상동물병원,서울특별시 용산구 한강대로23길 55,02-2012-1256,,FALSE,FALSE,FALSE,FALSE,
보람동물병원,서울특별시 광진구 군자로 84,02-465-7582,,FALSE,FALSE,FALSE,FALSE,
롯데동물병원,서울특별시 노원구 동일로210길 22,02-973-5959,,FALSE,FALSE,FALSE,FALSE,
이솝동물병원,서울특별시 양천구 목동동로8길 7,02-2644-8275,,FALSE,FALSE,FALSE,FALSE,
포레동물병원,서울특별시 성동구 성수일로 33,02-468-7975,,FALSE,FALSE,FALSE,FALSE,
레스펫 동물병원,서울특별시 서초구 논현로 173,02-575-0855,"애견 진료, 미용 및 애견용품 판매",FALSE,FALSE,TRUE,TRUE,
도봉동물병원,서울특별시 도봉구 도봉로 763,02-943-2275,,FALSE,FALSE,FALSE,FALSE,
상아동물병원,서울특별시 양천구 목동로 181,02-2644-0069,"예방접종, 건강관리 등 애완동물 진료 전문",FALSE,FALSE,FALSE,FALSE,http://blog.naver.com/sanga0069
창문동물병원,서울특별시 강북구 월계로 35,02-988-0251,,FALSE,FALSE,FALSE,FALSE,
늘푸른동물병원,서울특별시 송파구 올림픽로35길 94,02-423-2075,,FALSE,FALSE,FALSE,FALSE,
공감동물병원,서울특별시 강서구 마곡중앙로 36,02-2666-0829,,FALSE,FALSE,FALSE,FALSE,http://blog.naver.com/gonggam0829
이다동물병원,,02-463-7075,"예방주사, 중성화 수술, 질병상담 및 치료",FALSE,FALSE,FALSE,FALSE,
오즈동물병원,서울특별시 강서구 강서로45길 28,02-2697-0052,,FALSE,FALSE,FALSE,FALSE,
케이와이에이치웰빙동물병원,서울특별시 송파구 석촌호수로 112,02-422-3379,"고양이, 강아지 진료, 수술 및 미용 전문",FALSE,FALSE,TRUE,FALSE,
예일종합동물병원,서울특별시 서대문구 거북골로 13,02-303-2066,,FALSE,FALSE,FALSE,FALSE,
소망동물병원,서울특별시 마포구 신촌로 258,02-719-7052,,FALSE,FALSE,FALSE,FALSE,
현대동물병원,서울특별시 영등포구 선유로 104,02-2634-7577,"애견, 애묘 진료 및 미용실 운영",FALSE,FALSE,TRUE,FALSE,
전농종합동물병원,서울특별시 동대문구 전농로 124,02-2245-7582,,FALSE,FALSE,FALSE,FALSE,
이리온 양재점,서울특별시 서초구 매헌로 16,02-577-6125,,FALSE,FALSE,FALSE,FALSE,
백년동물병원,서울특별시 서대문구 가좌로 104,02-373-2923,,FALSE,FALSE,FALSE,FALSE,
위즈펫동물병원,서울특별시 송파구 올림픽로35가길 16,02-471-8275,,FALSE,FALSE,FALSE,FALSE,
서진동물병원,서울특별시 마포구 신촌로 56,02-336-3929,,FALSE,FALSE,FALSE,FALSE,
스타 동물종합병원,서울특별시 서초구 신반포로 330,02-3447-1357,"애견 분양, 진료",FALSE,FALSE,FALSE,FALSE,
웰니스 클리닉 청계천점,서울특별시 중구 청계천로 400,,,FALSE,FALSE,FALSE,FALSE,
대치동물의료센터,서울특별시 강남구 도곡로 439,,,FALSE,FALSE,FALSE,FALSE,
서이동물병원,서울특별시 서초구 사임당로 139,02-3487-0075,,FALSE,FALSE,FALSE,FALSE,
페토브동물병원,서울특별시 양천구 목동동로 130,02-2642-1239,,FALSE,FALSE,FALSE,FALSE,http://www.petove.co.kr/
포유동물병원,서울특별시 성북구 오패산로 22,02-912-6555,,FALSE,FALSE,FALSE,FALSE,
주양 동물병원,서울특별시 강동구 고덕로62길 55,02-428-1161,,FALSE,FALSE,FALSE,FALSE,
준동물병원,서울특별시 송파구 중대로 320,02-402-9119,"피부질환, 백내장, 방사선과 등 진료",FALSE,FALSE,FALSE,FALSE,http://www.송파동물병원.kr/
압구정동물병원,서울특별시 강남구 압구정로 224,02-547-7588,,FALSE,FALSE,FALSE,FALSE,http://blog.naver.com/5477588
금천종합동물병원,서울특별시 금천구 독산로 188,02-894-8085,,FALSE,FALSE,FALSE,FALSE,
쿨펫,서울특별시 강남구 선릉로 620,02-3446-7593,"쿨펫 본사, 진료, 분양, 애견용품, 호텔",FALSE,TRUE,FALSE,TRUE,http://coolpetweb.cafe24.com/
신길동동물병원온,서울특별시 영등포구 신풍로 77,02-848-7975,,FALSE,FALSE,FALSE,FALSE,http://4onpet.modoo.at/
라라큐동물병원,서울특별시 노원구 공릉로 153,02-974-5875,"난치성 귓병, 피부병 진료, 고슴도치 진료",FALSE,FALSE,FALSE,FALSE,
사랑의동물병원,서울특별시 송파구 백제고분로 218,02-419-0430,"심장 사상충 및 광견병 예방 주사, 애완용품 판매 등 동물 진료 전문",FALSE,FALSE,FALSE,TRUE,
열린동물병원,서울특별시 성북구 오패산로 46,02-916-5724,"내과, 외과, 산과 및 임상병리, 애견미용, 용품, 야간응급",FALSE,FALSE,TRUE,TRUE,
프랜드동물병원,서울특별시 영등포구 영중로 145,02-2675-0883,"임상병리, 내과, 외과 전문",FALSE,FALSE,FALSE,FALSE,
다니엘동물병원,서울특별시 서초구 효령로 200,02-585-0087,,FALSE,FALSE,FALSE,FALSE,
이강남동물병원,서울특별시 서초구 바우뫼로 179,02-579-1932,"예방접종, 내과 , 외과 진료 및 애견미용 전문",FALSE,FALSE,TRUE,FALSE,
나래동물병원,서울특별시 강남구 도곡로13길 5,02-508-7534,,FALSE,FALSE,FALSE,FALSE,
사랑의동물병원,서울특별시 서초구 마방로6길 18,02-577-7475,,FALSE,FALSE,FALSE,FALSE,http://cafe.daum.net/sarangah
늘푸른동물병원,서울특별시 강남구 봉은사로 307,02-544-5042,,FALSE,FALSE,FALSE,FALSE,
네오딘벳랩,서울특별시 성동구 광나루로8길 10,02-1661-4036,,FALSE,FALSE,FALSE,FALSE,http://www.vetlab.co.kr/
한국동물영상의학센터,서울특별시 중랑구 망우로 241,02-6215-3416,,FALSE,FALSE,FALSE,FALSE,http://blog.naver.com/kamic_mri_ct
고래힐동물병원,서울특별시 강동구 아리수로50길 50,02-441-5515,,FALSE,FALSE,FALSE,FALSE,http://blog.naver.com/goraehillah
동네동물병원,서울특별시 서초구 신반포로 340,,,FALSE,FALSE,FALSE,FALSE,
서울축산동물병원,서울특별시 영등포구 영중로27길 10,,,FALSE,FALSE,FALSE,FALSE,
우신동물병원,서울특별시 은평구 연서로 72,,,FALSE,FALSE,FALSE,FALSE,
차지우동물병원,서울특별시 중구 동호로 204,,,FALSE,FALSE,FALSE,FALSE,
우장동물병원,서울특별시 강서구 화곡로 143,,,FALSE,FALSE,FALSE,FALSE,
함께하는동물병,서울특별시 성동구 독서당로 200,,,FALSE,FALSE,FALSE,FALSE,
현대종합동물병원,서울특별시 강북구 노해로 94,,,FALSE,FALSE,FALSE,FALSE,
중계이오동물병원,서울특별시 노원구 한글비석로 245,,,FALSE,FALSE,FALSE,FALSE,
한빛동물병원,서울특별시 도봉구 덕릉로 256,,,FALSE,FALSE,FALSE,FALSE,
연세동물병원,서울특별시 관악구 봉천로 516,,,FALSE,FALSE,FALSE,FALSE,
개명동물종합병원,서울특별시 구로구 개봉로 50,,,FALSE,FALSE,FALSE,FALSE,
토론토동물병원,서울특별시 양천구 등촌로 172,,,FALSE,FALSE,FALSE,FALSE,
서래동물병원,서울특별시 서초구 서래로 38,,,FALSE,FALSE,FALSE,FALSE,
사랑해요동물병원,서울특별시 도봉구 시루봉로 59,,,FALSE,FALSE,FALSE,FALSE,
중량차동물병원,서울특별시 중랑구 망우로 176,,,FALSE,FALSE,FALSE,FALSE,
한수동물병원,서울특별시 은평구 응암로 319,,,FALSE,FALSE,FALSE,FALSE,
DS동물병원,서울특별시 관악구 남부순환로 1377,,,FALSE,FALSE,FALSE,FALSE,
와우동물병원,서울특별시 강서구 방화대로47가길 7,,,FALSE,FALSE,FALSE,FALSE,
해맑은동물병원,서울특별시 강서구 양천로57길 10-20,,,FALSE,FALSE,FALSE,FALSE,
연남동물병원,,,,FALSE,FALSE,FALSE,FALSE,
성현동물병원,서울특별시 종로구 혜화로 11,,,FALSE,FALSE,FALSE,FALSE,
청화종합동물병원,서울특별시 용산구 보광로 90,,,FALSE,FALSE,FALSE,FALSE,
도담동물병원,서울특별시 도봉구 도봉로 875,,,FALSE,FALSE,FALSE,FALSE,
비타민동물병원,서울특별시 관악구 인헌6길 8,02-875-7582,,FALSE,FALSE,FALSE,FALSE,
봉식동물병원,서울특별시 강북구 삼양로 252,,,FALSE,FALSE,FALSE,FALSE,
삼양동물병원,서울특별시 강북구 삼양로 183-1,,,FALSE,FALSE,FALSE,FALSE,
평창동물병원,서울특별시 종로구 평창문화로 31,,,FALSE,FALSE,FALSE,FALSE,
형제종합동물병원,서울특별시 관악구 남부순환로 1747-1,,,FALSE,FALSE,FALSE,FALSE,
이상록동물병원,서울특별시 서초구 나루터로 37,,,FALSE,FALSE,FALSE,FALSE,
고려종합동물병원,서울특별시 강서구 양천로57길 10-20,,,FALSE,FALSE,FALSE,FALSE,
늘푸른종합동물병원,서울특별시 송파구 마천로5길 16,,,FALSE,FALSE,FALSE,FALSE,
스타동물의료센터,서울특별시 광진구 능동로 49,,,FALSE,FALSE,FALSE,FALSE,
남산동물병원,서울특별시 중구 다산로 32,,,FALSE,FALSE,FALSE,FALSE,
K9종합동물병원,서울특별시 구로구 개봉로 40,,,FALSE,FALSE,FALSE,FALSE,
고려동물병원,서울특별시 관악구 시흥대로 552-1,,,FALSE,FALSE,FALSE,FALSE,
아름애견웨딩샵,서울특별시 성북구 동소문로 307,,,FALSE,FALSE,FALSE,FALSE,
강아지군대가는날,서울특별시 구로구 경인로35길 32,,,FALSE,FALSE,FALSE,FALSE,
서울대학교관악캠퍼스수의대부속동물병원,서울특별시 관악구 관악로 1,,,FALSE,FALSE,FALSE,FALSE,
닥터홍동물병원,서울특별시 영등포구 선유로 59,,,FALSE,FALSE,FALSE,FALSE,
유현동물병원,서울특별시 도봉구 방학로 187,,,FALSE,FALSE,FALSE,FALSE,
우리들동물종합병원,서울특별시 노원구 동일로 1280,,,FALSE,FALSE,FALSE,FALSE,
씨밀레동물병원,서울특별시 송파구 올림픽로47길 20,,,FALSE,FALSE,FALSE,FALSE,
이리온동물병원,서울특별시 강남구 도산대로 445,,,FALSE,FALSE,FALSE,FALSE,
강이랑아지랑,서울특별시 송파구 오금로31길 14,,,FALSE,FALSE,FALSE,FALSE,
메디펫동물병원,서울특별시 서초구 효령로77길 37,,,FALSE,FALSE,FALSE,FALSE,
다빈치동물병원,서울특별시 도봉구 노해로63다길 41,,,FALSE,FALSE,FALSE,FALSE,
아지케어동물병원,서울특별시 강남구 강남대로118길 53,,,FALSE,FALSE,FALSE,FALSE,
방학동물종합병원,서울특별시 도봉구 도봉로 727,,,FALSE,FALSE,FALSE,FALSE,
치료멍멍펫샵,서울특별시 강남구 도산대로 309,,,FALSE,FALSE,FALSE,FALSE,
늘푸른동물종합병원,서울특별시 은평구 은평로 29,,,FALSE,FALSE,FALSE,FALSE,
혜인종합동물병원본점,서울특별시 양천구 등촌로 218,,,FALSE,FALSE,FALSE,FALSE,
동물의왕국,서울특별시 송파구 마천로 263,,,FALSE,FALSE,FALSE,FALSE,
마이펫동물의료센터,서울특별시 강남구 삼성로 573,,,FALSE,FALSE,FALSE,FALSE,
왈왈동물병원,서울특별시 강북구 삼양로 499,,,FALSE,FALSE,FALSE,FALSE,
망원동물병원,서울특별시 마포구 월드컵로 65,,,FALSE,FALSE,FALSE,FALSE,
동물사랑,서울특별시 영등포구 도신로 88,,,FALSE,FALSE,FALSE,FALSE,
다울반려동물의료센터,서울특별시 서초구 효령로 100,,,FALSE,FALSE,FALSE,FALSE,
한사랑동물병원,서울특별시 성동구 마장로 300,,,FALSE,FALSE,FALSE,FALSE,
다래종합동물병원,서울특별시 강동구 구천면로 289,,,FALSE,FALSE,FALSE,FALSE,
가나동물병원,서울특별시 양천구 목동서로 35,,,FALSE,FALSE,FALSE,FALSE,
페츠비동물메디컬센터,서울특별시 강남구 도산대로 155,,,FALSE,FALSE,FALSE,FALSE,
포이종합동물병원,서울특별시 강남구 개포로 223,,,FALSE,FALSE,FALSE,FALSE,
가람동물종합병원,서울특별시 송파구 오금로 494,,,FALSE,FALSE,FALSE,FALSE,
하나동물병원,서울특별시 양천구 목동서로 387,,,FALSE,FALSE,FALSE,FALSE,
도그플러스,서울특별시 영등포구 당산로 42,,,FALSE,FALSE,FALSE,FALSE,
우이애견,서울특별시 강북구 삼양로 593,,,FALSE,FALSE,FALSE,FALSE,
예일동물병원,서울특별시 서대문구 거북골로 13,,,FALSE,FALSE,FALSE,FALSE,
신세계동물병원,서울특별시 서초구 신반포로 143,,,FALSE,FALSE,FALSE,FALSE,
신정종합동물병원,서울특별시 양천구 오목로 198-1,,,FALSE,FALSE,FALSE,FALSE,
DOGSTAR강남점,서울특별시 서초구 사평대로55길 61,,,FALSE,FALSE,FALSE,FALSE,
유케어종합동물병원,서울특별시 동작구 상도로 214,,,FALSE,FALSE,FALSE,FALSE,
펫투게더동물병원,서울특별시 동작구 양녕로 184-1,,,FALSE,FALSE,FALSE,FALSE,
쥬얼리독,서울특별시 강서구 초록마을로 52-1,,,FALSE,FALSE,FALSE,FALSE,
진영동물병원,서울특별시 중랑구 동일로96길 33,,,FALSE,FALSE,FALSE,FALSE,
사랑동물병원,서울특별시 노원구 공릉로 176,,,FALSE,FALSE,FALSE,FALSE,
용봉동물병원,서울특별시 강서구 강서로17길 20,,,FALSE,FALSE,FALSE,FALSE,
봉쥬르동물병원,서울특별시 서대문구 거북골로 178,,,FALSE,FALSE,FALSE,FALSE,
스마일동물병원,서울특별시 노원구 동일로 1051,,,FALSE,FALSE,FALSE,FALSE,
화곡동물병원,서울특별시 강서구 까치산로 80,,,FALSE,FALSE,FALSE,FALSE,
우신종합동물병원,서울특별시 양천구 중앙로 295,,,FALSE,FALSE,FALSE,FALSE,
세종동물병원,서울특별시 강동구 구천면로 237,,,FALSE,FALSE,FALSE,FALSE,
느보동물병원,서울특별시 강서구 강서로7길 104,,,FALSE,FALSE,FALSE,FALSE,
애견마을,서울특별시 동대문구 전농로 64-1,,,FALSE,FALSE,FALSE,FALSE,
현림종합동물병원,서울특별시 양천구 등촌로 160,,,FALSE,FALSE,FALSE,FALSE,
다정종합동물병원,서울특별시 양천구 월정로 137,,,FALSE,FALSE,FALSE,FALSE,
스마트동물매디컬센터,서울특별시 은평구 은평로 93,,,FALSE,FALSE,FALSE,FALSE,
나우동물병원,서울특별시 양천구 목동중앙본로 10,,,FALSE,FALSE,FALSE,FALSE,
우신동물병원,서울특별시 영등포구 신길로 170,,,FALSE,FALSE,FALSE,FALSE,
러브팻동물병원,서울특별시 영등포구 가마산로 328,,,FALSE,FALSE,FALSE,FALSE,
모범동물병원,서울특별시 동작구 사당로 229,,,FALSE,FALSE,FALSE,FALSE,
종합동물병원,서울특별시 강북구 도봉로98길 56,,,FALSE,FALSE,FALSE,FALSE,
소누피동물병원,서울특별시 강서구 강서로 285,,,FALSE,FALSE,FALSE,FALSE,
열린동물병원,서울특별시 용산구 원효로 171,,,FALSE,FALSE,FALSE,FALSE,
바우동물병원,서울특별시 양천구 중앙로 230,,,FALSE,FALSE,FALSE,FALSE,
정우동동물병원,서울특별시 관악구 신림로 138,,,FALSE,FALSE,FALSE,FALSE,
캐슬동물병원,서울특별시 구로구 고척로 238,,,FALSE,FALSE,FALSE,FALSE,
리치동물병원,서울특별시 노원구 동일로 1065,,,FALSE,FALSE,FALSE,FALSE,
노아동물종합병원,서울특별시 양천구 신목로 82,,,FALSE,FALSE,FALSE,FALSE,
갤러리아종합동물센타,서울특별시 구로구 구로동로 27,,,FALSE,FALSE,FALSE,FALSE,
수동물병원,서울특별시 강북구 솔샘로 220,,,FALSE,FALSE,FALSE,FALSE,
닥터펫동물의료센터,서울특별시 강남구 선릉로 620,02-3443-8275,,FALSE,FALSE,FALSE,FALSE,
조은동물병원,서울특별시 성북구 종암로 113,,,FALSE,FALSE,FALSE,FALSE,
제이동물병원,서울특별시 동대문구 왕산로 94,,,FALSE,FALSE,FALSE,FALSE,
아크리스동물의료센터,서울특별시 강남구 학동로 138,,,FALSE,FALSE,FALSE,FALSE,
한국동물암센,서울특별시 노원구 노원로 456,,,FALSE,FALSE,FALSE,FALSE,
박창석동물병원,서울특별시 마포구 도화4길 3,,,FALSE,FALSE,FALSE,FALSE,
행복한반려동물의료원,서울특별시 동작구 사당로 289,,,FALSE,FALSE,FALSE,FALSE,
정원동물병원,서울특별시 서초구 고무래로 90-7,,,FALSE,FALSE,FALSE,FALSE,
발산종합동물병원,서울특별시 강서구 강서로 237,,,FALSE,FALSE,FALSE,FALSE,
쥬라기동물종합병원,서울특별시 강서구 화곡로43길 24,,,FALSE,FALSE,FALSE,FALSE,
아이러브펫,서울특별시 강서구 곰달래로 52,,,FALSE,FALSE,FALSE,FALSE,
애견마을,서울특별시 노원구 덕릉로126길 12,,,FALSE,FALSE,FALSE,FALSE,
콜독동물병원,서울특별시 송파구 중대로9길 48,,,FALSE,FALSE,FALSE,FALSE,
쿨펫동물병원,서울특별시 구로구 구로중앙로 134,,,FALSE,FALSE,FALSE,FALSE,
해맑은동물병원,서울특별시 강동구 성안로 170,,,FALSE,FALSE,FALSE,FALSE,
김용각동물병원,서울특별시 동작구 성대로11길 46,,,FALSE,FALSE,FALSE,FALSE,
라라플러스동물병원,서울특별시 노원구 공릉로 153,,,FALSE,FALSE,FALSE,FALSE,
멍멍클럽,서울특별시 종로구 보문로7길 10,,,FALSE,FALSE,FALSE,FALSE,
리더스동물병원,서울특별시 양천구 신목로 78,,,FALSE,FALSE,FALSE,FALSE,
베토벤동물병원,서울특별시 강동구 구천면로 664,,,FALSE,FALSE,FALSE,FALSE,
늘푸른동물병원,서울특별시 송파구 올림픽로35길 112,,,FALSE,FALSE,FALSE,FALSE,
요미독왕십리점,서울특별시 성동구 왕십리로 356-1,,,FALSE,FALSE,FALSE,FALSE,
COOKIE동물병원,서울특별시 동작구 여의대방로 250,,,FALSE,FALSE,FALSE,FALSE,
광나루동물병원,서울특별시 강동구 고덕로27길 36,,,FALSE,FALSE,FALSE,FALSE,
한국스템셀동물메디컬센터,서울특별시 서초구 서래로5길 86,,,FALSE,FALSE,FALSE,FALSE,
퍼피119병원,서울특별시 용산구 백범로 328,,,FALSE,FALSE,FALSE,FALSE,
순흥동물병원,서울특별시 구로구 구로동로 138,,,FALSE,FALSE,FALSE,FALSE,
신내동물병원,서울특별시 중랑구 봉화산로 108-1,,,FALSE,FALSE,FALSE,FALSE,
펫캐어동물병원,서울특별시 성북구 동소문로 273,,,FALSE,FALSE,FALSE,FALSE,
Dr.그레이동물병원,서울특별시 강남구 언주로30길 21,,,FALSE,FALSE,FALSE,FALSE,
우리집강아지,서울특별시 강서구 우장산로 26,,,FALSE,FALSE,FALSE,FALSE,
열린동물병원,서울특별시 성북구 오패산로 46,,,FALSE,FALSE,FALSE,FALSE,
이수의과동물병원,서울특별시 용산구 후암로 13-2,,,FALSE,FALSE,FALSE,FALSE,
PuppySchool,서울특별시 강서구 화곡로13길 52,,,FALSE,FALSE,FALSE,FALSE,
곰달래동물병원,서울특별시 강서구 곰달래로 223,,,FALSE,FALSE,FALSE,FALSE,
신정동물병원,서울특별시 양천구 오목로 221,,,FALSE,FALSE,FALSE,FALSE,
삼전동물메디컬센터,서울특별시 송파구 삼학사로 75,02-424-2955,,FALSE,FALSE,FALSE,FALSE,
KHY웰빙동물병원,서울특별시 송파구 석촌호수로 112,,,FALSE,FALSE,FALSE,FALSE,
토리동물병원,서울특별시 마포구 서강로 79,,,FALSE,FALSE,FALSE,FALSE,
하델동물병원,서울특별시 서초구 반포대로 45,,,FALSE,FALSE,FALSE,FALSE,
올레펫,서울특별시 서초구 방배로 143,,,FALSE,FALSE,FALSE,FALSE,
글로리동물병원,서울특별시 금천구 시흥대로 483,,,FALSE,FALSE,FALSE,FALSE,
24베스트동물메디컬센터,서울특별시 송파구 삼학사로 88,,,TRUE,FALSE,FALSE,FALSE,
이재풍동물병원,서울특별시 송파구 오금로35길 44,,,FALSE,FALSE,FALSE,FALSE,
카스멕,서울특별시 서초구 서래로5길 86,,,FALSE,FALSE,FALSE,FALSE,
GO동물병원,서울특별시 강동구 상일로 13,,,FALSE,FALSE,FALSE,FALSE,
프랜즈동물병원,서울특별시 서초구 방배로 76,,,FALSE,FALSE,FALSE,FALSE,
백산동물병원,서울특별시 강남구 논현로86길 22,,,FALSE,FALSE,FALSE,FALSE,
VIP동물의료센터,서울특별시 서초구 동작대로 36,,,FALSE,FALSE,FALSE,FALSE,
SKY동물의료센터,서울특별시 강동구 천호대로 1122,,,FALSE,FALSE,FALSE,FALSE,
엔프레쉬동물병원,서울특별시 동작구 남부순환로267길 5,02-3486-7707,,FALSE,FALSE,FALSE,FALSE,
온동물병원,서울특별시 금천구 독산로 225,,,FALSE,FALSE,FALSE,FALSE,
남서울동물병원,서울특별시 서초구 방배로34길 12,,,FALSE,FALSE,FALSE,FALSE,
역삼동물병원,서울특별시 강남구 언주로 527,,,FALSE,FALSE,FALSE,FALSE,
하솜치과의원,서울특별시 은평구 서오릉로 94,02-356-2888,"신경치료, 임플란트, 치아미백, 심미치료 전문 치과",FALSE,FALSE,FALSE,FALSE,
동물병원,,02-3446-6666,"애견의류, 애견장남감, 애견집전문매장",FALSE,FALSE,FALSE,FALSE,
펫탑,서울특별시 동작구 대방동27길 91,,"동물병원전용쇼핑몰, 내장형마이크로칩, 동물등록제, 마이크로칩",FALSE,FALSE,FALSE,FALSE,http://petop.co.kr/
반려동물협회,서울특별시 광진구 강변역로4길 68,02-6414-3114,,FALSE,FALSE,FALSE,FALSE,http://animalassociation.co.kr/
이리온,서울특별시 강남구 테헤란로28길 32,1899-6125,,FALSE,FALSE,FALSE,FALSE,http://www.wealtz.co.kr/
아라우나 동물병원,서울특별시 광진구 뚝섬로 548,,,FALSE,FALSE,FALSE,FALSE,http://blog.naver.com/arau7975
도그플러스동물병원,서울특별시 강서구 화곡로 398,,"강아지, 고양이 분양, 애견미용, 교배 용품",FALSE,FALSE,TRUE,TRUE,http://blog.naver.com/dearpet1
한마음온누리약국,서울특별시 노원구 한글비석로 56,02-975-1070,,FALSE,FALSE,FALSE,FALSE,http://blog.naver.com/rudrud124
새보라매약국,서울특별시 동작구 보라매로길 5,02-832-8574,,FALSE,FALSE,FALSE,FALSE,
강아지별,서울특별시 마포구 신촌로34길 29,02-6449-6125,,FALSE,FALSE,FALSE,FALSE,
동의온누리약국,서울특별시 강남구 논현로 330,02-508-3597,,FALSE,FALSE,FALSE,FALSE,http://cafe.naver.com/animaldrug
희망약국,서울특별시 도봉구 해등로16길 26,02-903-7511,,FALSE,FALSE,FALSE,FALSE,
제이에스메디칼,서울특별시 강북구 도봉로 313,,,FALSE,FALSE,FALSE,FALSE,
성보애니멀헬스,서울특별시 성동구 광나루로8길 10,02-2671-6932,,FALSE,FALSE,FALSE,FALSE,http://www.spncinc.com/
메디벳헬스케어,서울특별시 강서구 방화대로 294,02-2661-8881,,FALSE,FALSE,FALSE,FALSE,http://www.medivet.co.kr/
펫방,서울특별시 강남구 테헤란로28길 3-4,1588-7623,,FALSE,FALSE,FALSE,FALSE,http://www.petbang.me/